--
-- Script was generated by Devart dbForge Studio 2022 for SQL Server, Version 6.4.7.0
-- Product home page: http://www.devart.com/dbforge/sql/studio
-- Script date 19.03.2023 0:38:45
-- Server version: 15.00.2000
--


SET DATEFORMAT ymd
SET ARITHABORT, ANSI_PADDING, ANSI_WARNINGS, CONCAT_NULL_YIELDS_NULL, QUOTED_IDENTIFIER, ANSI_NULLS, NOCOUNT ON
SET NUMERIC_ROUNDABORT, IMPLICIT_TRANSACTIONS, XACT_ABORT OFF
GO

USE AS2033
GO

IF DB_NAME() <> N'AS2033' SET NOEXEC ON
GO

--
-- Create table [dbo].[state]
--
PRINT (N'Create table [dbo].[state]')
GO
CREATE TABLE dbo.state (
  code varchar(50) NOT NULL,
  caption varchar(50) NULL,
  CONSTRAINT PK_state_code PRIMARY KEY CLUSTERED (code)
)
ON [PRIMARY]
GO

--
-- Create table [dbo].[request]
--
PRINT (N'Create table [dbo].[request]')
GO
CREATE TABLE dbo.request (
  id int NOT NULL,
  number varchar(50) NULL,
  date datetime NULL,
  description varchar(1000) NULL,
  releaseDate datetime NULL,
  state varchar(50) NULL,
  contractor_id int NULL,
  report_id int NULL,
  CONSTRAINT PK_request_id PRIMARY KEY CLUSTERED (id)
)
ON [PRIMARY]
GO

--
-- Create table [dbo].[reports]
--
PRINT (N'Create table [dbo].[reports]')
GO
CREATE TABLE dbo.reports (
  id int IDENTITY,
  label varchar(255) NULL,
  title varchar(255) NULL,
  body varchar(255) NULL,
  description varchar(max) NULL,
  user_name varchar(50) NULL,
  html varchar(max) NULL,
  CONSTRAINT PK_reports_id PRIMARY KEY CLUSTERED (id)
)
ON [PRIMARY]
TEXTIMAGE_ON [PRIMARY]
GO

--
-- Create table [dbo].[product]
--
PRINT (N'Create table [dbo].[product]')
GO
CREATE TABLE dbo.product (
  id int NOT NULL,
  code varchar(50) NULL,
  caption varchar(500) NULL,
  millingTime int NULL,
  latheTime int NULL,
  CONSTRAINT PK_product_id PRIMARY KEY CLUSTERED (id)
)
ON [PRIMARY]
GO

SET QUOTED_IDENTIFIER, ANSI_NULLS ON
GO

--
-- Create or alter procedure [dbo].[_json_products]
--
GO
PRINT (N'Create or alter procedure [dbo].[_json_products]')
GO
CREATE OR ALTER PROCEDURE dbo._json_products @json VARCHAR(MAX)
AS
BEGIN
  DECLARE @r INT
/*  IF @json IS NULL
      SET @json = '[{"id":40,"code":"ML81LT143","caption":"ФР81-ТК143","millingTime":81,"latheTime":143},{"id":4,"code":"ML28LT27","caption":"ФР28-ТК27","millingTime":28,"latheTime":27},{"id":41,"code":"ML80LT79","caption":"ФР80-ТК79","millingTime":80,"latheTime":79},{"id":5,"code":"ML57LT88","caption":"ФР57-ТК88","millingTime":57,"latheTime":88},{"id":6,"code":"ML96LT145","caption":"ФР96-ТК145","millingTime":96,"latheTime":145},{"id":115,"code":"ML55LT40","caption":"ФР55-ТК40","millingTime":55,"latheTime":40},{"id":42,"code":"ML108LT14","caption":"ФР108-ТК14","millingTime":108,"latheTime":14},{"id":7,"code":"ML105LT38","caption":"ФР105-ТК38","millingTime":105,"latheTime":38},{"id":564,"code":"ML30LT132","caption":"ФР30-ТК132","millingTime":30,"latheTime":132},{"id":8,"code":"ML105LT93","caption":"ФР105-ТК93","millingTime":105,"latheTime":93},{"id":88,"code":"ML22LT53","caption":"ФР22-ТК53","millingTime":22,"latheTime":53},{"id":43,"code":"ML117LT35","caption":"ФР117-ТК35","millingTime":117,"latheTime":35},{"id":9,"code":"ML21LT111","caption":"ФР21-ТК111","millingTime":21,"latheTime":111}]
      '
      */
  TRUNCATE TABLE product;

  INSERT INTO product (id, code, caption, millingTime, latheTime)
    SELECT
      id
     ,code
     ,caption
     ,millingTime
     ,latheTime
    FROM OPENJSON(@json)
    WITH (
    id INT '$.id',
    code VARCHAR(50) '$.code',
    caption VARCHAR(50) '$.caption',
    millingTime INT '$.millingTime',
    latheTime INT '$.latheTime'
    );

  SET @r = @@ROWCOUNT
  SELECT
    @r AS result
--
END
GO

--
-- Create table [dbo].[orders]
--
PRINT (N'Create table [dbo].[orders]')
GO
CREATE TABLE dbo.orders (
  id int IDENTITY,
  item_id varchar(50) NULL,
  label varchar(50) NULL,
  quantity int NULL,
  priority int NULL,
  CONSTRAINT PK_orders_id PRIMARY KEY CLUSTERED (id)
)
ON [PRIMARY]
GO

--
-- Create table [dbo].[messages]
--
PRINT (N'Create table [dbo].[messages]')
GO
CREATE TABLE dbo.messages (
  id int IDENTITY,
  msg varchar(max) NULL,
  viewed bit NULL DEFAULT (0),
  ts datetime NULL DEFAULT (getdate()),
  type int NULL,
  send bit NULL DEFAULT (0),
  report_id int NULL,
  send_tg bit NULL DEFAULT (0),
  CONSTRAINT PK_messages_id PRIMARY KEY CLUSTERED (id)
)
ON [PRIMARY]
TEXTIMAGE_ON [PRIMARY]
GO

--
-- Create or alter procedure [dbo].[email_sended]
--
GO
PRINT (N'Create or alter procedure [dbo].[email_sended]')
GO
CREATE OR ALTER PROCEDURE dbo.email_sended
@id_claim_message INT
AS 
UPDATE messages 
SET 
   send = 1
WHERE id = @id_claim_message
GO

--
-- Create or alter procedure [dbo].[_send_message]
--
GO
PRINT (N'Create or alter procedure [dbo].[_send_message]')
GO
CREATE OR ALTER PROCEDURE dbo._send_message
 @msg varchar(max) = NULL
 ,@type int = NULL 
 ,@report_id INT=NULL
AS 
--0 зеленый
--1 желтый
--2 красный
  INSERT messages (msg, type, report_id)
  VALUES (@msg,@type,@report_id)
GO

--
-- Create table [dbo].[memec_userprofile]
--
PRINT (N'Create table [dbo].[memec_userprofile]')
GO
CREATE TABLE dbo.memec_userprofile (
  id bigint IDENTITY,
  telegramm nvarchar(50) NOT NULL,
  user_id int NOT NULL,
  PRIMARY KEY CLUSTERED (id),
  UNIQUE (user_id)
)
ON [PRIMARY]
GO

--
-- Create table [dbo].[machines_cache]
--
PRINT (N'Create table [dbo].[machines_cache]')
GO
CREATE TABLE dbo.machines_cache (
  label varchar(50) NOT NULL,
  type varchar(50) NULL,
  port int NULL,
  current_status varchar(50) NULL,
  report_id int NULL,
  product_id int NULL,
  CONSTRAINT PK_machines_cache_label PRIMARY KEY CLUSTERED (label)
)
ON [PRIMARY]
GO

--
-- Create table [dbo].[machines]
--
PRINT (N'Create table [dbo].[machines]')
GO
CREATE TABLE dbo.machines (
  label varchar(50) NOT NULL,
  type varchar(50) NULL,
  port int NULL,
  current_status varchar(50) NULL,
  report_id int NULL,
  product_id int NULL,
  CONSTRAINT PK_machines_label PRIMARY KEY CLUSTERED (label)
)
ON [PRIMARY]
GO

--
-- Create or alter procedure [dbo].[_json_machines]
--
GO
PRINT (N'Create or alter procedure [dbo].[_json_machines]')
GO
CREATE OR ALTER PROCEDURE dbo._json_machines @json VARCHAR(MAX)
AS
BEGIN
  DECLARE @r INT
 /* IF @json IS NULL
    SET @json = '{"milling":{"mm-4":1045,"mm-3":1043,"mm-2":1042,"mm-1":1041,"mm-5":1047},
      "lathe":{"lm-2":1052,"lm-3":1054,"lm-1":1051,"lm-4":1056}}'
*/

DECLARE @m TABLE (label varchar(50),report_id INT)

--закешируем текущий стак репортов
INSERT INTO @m (label, report_id)
SELECT m.label, m.report_id FROM machines m

  --сохраним что было
  TRUNCATE TABLE machines_cache;
  INSERT INTO machines_cache (label, type, port, current_status, report_id)
    SELECT
      label
     ,type
     ,port
     ,current_status
     ,report_id
    FROM machines

  TRUNCATE TABLE machines;

  INSERT INTO machines (label, port, type)
    SELECT
      mill.[key]
     ,mill.value
     ,'milling' AS type
    FROM OPENJSON(@json)
    WITH (
    milling NVARCHAR(MAX) '$.milling' AS JSON
    )
    OUTER APPLY OPENJSON(milling) AS mill;
  SET @r = @@ROWCOUNT

  INSERT INTO machines (label, port, type)
    SELECT
      lath.[key]
     ,lath.value
     ,'lathe' AS type
    FROM OPENJSON(@json)
    WITH (
    lathe NVARCHAR(MAX) '$.lathe' AS JSON
    )
    OUTER APPLY OPENJSON(lathe) AS lath
    ;

  SET @r = @r + @@ROWCOUNT

--восстановим стак репортов
UPDATE machines
SET report_id=[@m].report_id
FROM @m
WHERE [@m].label=machines.label


  SELECT
    @r AS result

END
GO

--
-- Create or alter procedure [dbo].[_json_machine_status]
--
GO
PRINT (N'Create or alter procedure [dbo].[_json_machine_status]')
GO
CREATE OR ALTER PROCEDURE dbo._json_machine_status @port INT, @json VARCHAR(MAX)
AS
BEGIN
  DECLARE @r INT

/*IF @json IS NULL
  BEGIN
    SET @port =1045
    SET @json = '{"id":22,"code":"mm-4","state":{"code":"WORKING","caption":"Используется"},
    "advInfo":{"advInfo":{"productId":"40"}},
    "beginDateTime":"2023-03-17T14:26:02.075271","endDateTime":null}'
  END
*/
  UPDATE machines
  SET current_status = state_code
  FROM (SELECT
      state.state_code
    FROM OPENJSON(@json)
    WITH (
    id INT ' $.id',
    code VARCHAR(50) ' $.code',
    state NVARCHAR(MAX) '$.state' AS JSON,
    advInfo NVARCHAR(MAX) '$.advInfo' AS JSON,
    beginDateTime VARCHAR(50) ' $.beginDateTime',
    endDateTime VARCHAR(50) ' $.endDateTime'
    )
    OUTER APPLY OPENJSON(state)
    WITH (state_code VARCHAR(50) '$.code') AS state
  /*
  OUTER APPLY OPENJSON(advInfo)
  WITH (productId VARCHAR(50) '$.productId') AS advInfo
  */
  ) S
  WHERE port = @port

  SET @r = @@ROWCOUNT
  SELECT
    @r AS result
--
END
GO

--
-- Create or alter procedure [dbo].[_generate_repairs_report]
--
GO
PRINT (N'Create or alter procedure [dbo].[_generate_repairs_report]')
GO
CREATE OR ALTER PROCEDURE dbo._generate_repairs_report
@label VARCHAR(50) = NULL,
@report_id INT OUTPUT
AS
DECLARE @date VARCHAR(10) = CONVERT(VARCHAR(10), CAST(GETDATE() AS DATE), 104)
     
       ,@description VARCHAR(500)
IF @description IS NULL
  SET @description = 'Прошу службу главного механика срочно произвести ремонт оборудования!'

DECLARE @html VARCHAR(MAX) = '<p><strong>Заявка на ремонт станка</strong></p>
<table style="border-collapse: collapse; width: 100%;" border="1">
<tbody>
<tr>
<td style="width: 30%;"><strong>Станок</strong></td>
<td style="width: 70%;">' + @label + '</td>
</tr>
<tr>
<td style="width: 30%;"><strong>Дата заявки</strong></td>
<td style="width: 70%;">' + @date + '</td>
</tr>
</tbody>
</table>
</br>
<p>' + @description + '</p>
<p>&nbsp;</p>
<p style="text-align: left;">Подпись_____________</p>'


INSERT reports (title, html)
  VALUES ('Заявка на ремонт станка ' + ISNULL(@label, ''), @html);
SET @report_id = @@IDENTITY;


UPDATE machines
SET report_id = @report_id
WHERE label = @label


GO

--
-- Create or alter procedure [dbo].[_clear_orders]
--
GO
PRINT (N'Create or alter procedure [dbo].[_clear_orders]')
GO
CREATE OR ALTER PROCEDURE dbo._clear_orders
@item_id INT
AS 
SET NOCOUNT ON


UPDATE machines
SET current_status='WAITING'
WHERE current_status='WORKING' AND  label IN (
SELECT o.label FROM orders o WHERE item_id=@item_id)

delete FROM orders
WHERE item_id=@item_id
GO

--
-- Create or alter view [dbo].[_reports]
--
GO
PRINT (N'Create or alter view [dbo].[_reports]')
GO
CREATE OR ALTER VIEW dbo._reports 
AS SELECT
  r.id
 ,r.label
 ,r.title
 ,r.body
 ,r.description
 ,r.user_name
 ,r.html
  ,isnull(cast(m1.port as varchar(50)),'') AS port
FROM reports r
LEFT JOIN machines m1
  ON r.id = m1.report_id
GO

--
-- Create or alter view [dbo].[_messages]
--
GO
PRINT (N'Create or alter view [dbo].[_messages]')
GO
CREATE OR ALTER VIEW dbo._messages 
AS SELECT m.id
      ,m.msg
      ,m.viewed
      ,m.ts
      ,m.type
      ,m.send
      ,m.report_id
      ,isnull(cast(m1.port as varchar(50)),'') AS port
      FROM messages m
      LEFT JOIN machines m1 on m.report_id = m1.report_id
GO

--
-- Create table [dbo].[django_session]
--
PRINT (N'Create table [dbo].[django_session]')
GO
CREATE TABLE dbo.django_session (
  session_key nvarchar(40) NOT NULL,
  session_data nvarchar(max) NOT NULL,
  expire_date datetimeoffset NOT NULL,
  PRIMARY KEY CLUSTERED (session_key)
)
ON [PRIMARY]
TEXTIMAGE_ON [PRIMARY]
GO

--
-- Create index [django_session_expire_date_a5c62663] on table [dbo].[django_session]
--
PRINT (N'Create index [django_session_expire_date_a5c62663] on table [dbo].[django_session]')
GO
CREATE INDEX django_session_expire_date_a5c62663
  ON dbo.django_session (expire_date)
  ON [PRIMARY]
GO

--
-- Create table [dbo].[django_migrations]
--
PRINT (N'Create table [dbo].[django_migrations]')
GO
CREATE TABLE dbo.django_migrations (
  id bigint IDENTITY,
  app nvarchar(255) NOT NULL,
  name nvarchar(255) NOT NULL,
  applied datetimeoffset NOT NULL,
  PRIMARY KEY CLUSTERED (id)
)
ON [PRIMARY]
GO

--
-- Create table [dbo].[django_content_type]
--
PRINT (N'Create table [dbo].[django_content_type]')
GO
CREATE TABLE dbo.django_content_type (
  id int IDENTITY,
  app_label nvarchar(100) NOT NULL,
  model nvarchar(100) NOT NULL,
  PRIMARY KEY CLUSTERED (id)
)
ON [PRIMARY]
GO

--
-- Create index [django_content_type_app_label_model_76bd3d3b_uniq] on table [dbo].[django_content_type]
--
PRINT (N'Create index [django_content_type_app_label_model_76bd3d3b_uniq] on table [dbo].[django_content_type]')
GO
CREATE UNIQUE INDEX django_content_type_app_label_model_76bd3d3b_uniq
  ON dbo.django_content_type (app_label, model)
  WHERE ([app_label] IS NOT NULL AND [model] IS NOT NULL)
  ON [PRIMARY]
GO

--
-- Create table [dbo].[django_admin_log]
--
PRINT (N'Create table [dbo].[django_admin_log]')
GO
CREATE TABLE dbo.django_admin_log (
  id int IDENTITY,
  action_time datetimeoffset NOT NULL,
  object_id nvarchar(max) NULL,
  object_repr nvarchar(200) NOT NULL,
  action_flag smallint NOT NULL,
  change_message nvarchar(max) NOT NULL,
  content_type_id int NULL,
  user_id int NOT NULL,
  PRIMARY KEY CLUSTERED (id),
  CONSTRAINT django_admin_log_action_flag_a8637d59_check CHECK ([action_flag]>=(0))
)
ON [PRIMARY]
TEXTIMAGE_ON [PRIMARY]
GO

--
-- Create index [django_admin_log_content_type_id_c4bce8eb] on table [dbo].[django_admin_log]
--
PRINT (N'Create index [django_admin_log_content_type_id_c4bce8eb] on table [dbo].[django_admin_log]')
GO
CREATE INDEX django_admin_log_content_type_id_c4bce8eb
  ON dbo.django_admin_log (content_type_id)
  ON [PRIMARY]
GO

--
-- Create index [django_admin_log_user_id_c564eba6] on table [dbo].[django_admin_log]
--
PRINT (N'Create index [django_admin_log_user_id_c564eba6] on table [dbo].[django_admin_log]')
GO
CREATE INDEX django_admin_log_user_id_c564eba6
  ON dbo.django_admin_log (user_id)
  ON [PRIMARY]
GO

--
-- Create table [dbo].[contractor]
--
PRINT (N'Create table [dbo].[contractor]')
GO
CREATE TABLE dbo.contractor (
  id int NOT NULL,
  inn varchar(50) NULL,
  caption varchar(50) NULL,
  CONSTRAINT PK_contractor_id PRIMARY KEY CLUSTERED (id)
)
ON [PRIMARY]
GO

--
-- Create or alter procedure [dbo].[_json_requests]
--
GO
PRINT (N'Create or alter procedure [dbo].[_json_requests]')
GO
CREATE OR ALTER PROCEDURE dbo._json_requests @json VARCHAR(MAX)
AS
BEGIN
  DECLARE @r INT
/*IF @json IS NULL
    SET @json = '[{"id":324,"number":"2023-03-17-319","date":"2023-03-17","contractor":{"id":1,"inn":"7451356475","caption":"ООО\"КомпозитГруппЧелябинск\""},"description":"","state":{"code":"DRAFT","caption":"Формируется"},"releaseDate":"2023-03-23"},{"id":325,"number":"2023-03-17-320","date":"2023-03-17","contractor":{"id":2,"inn":"1903011647","caption":"ООО\"Фактор\""},"description":"","state":{"code":"DRAFT","caption":"Формируется"},"releaseDate":"2023-03-26"},{"id":321,"number":"2023-03-17-316","date":"2023-03-17","contractor":{"id":6,"inn":"5037011495","caption":"ООО\"НПКИнновация\""},"description":"","state":{"code":"DRAFT","caption":"Формируется"},"releaseDate":"2023-03-25"},{"id":319,"number":"2023-03-12-314","date":"2023-03-12","contractor":{"id":7,"inn":"7325114941","caption":"ООО\"СП\""},"description":"","state":{"code":"DRAFT","caption":"Формируется"},"releaseDate":"2023-03-15"},{"id":320,"number":"2023-03-12-315","date":"2023-03-12","contractor":{"id":11,"inn":"5021010457","caption":"ООО\"ПТХ\""},"description":"","state":{"code":"DRAFT","caption":"Формируется"},"releaseDate":"2023-03-14"},{"id":322,"number":"2023-03-17-317","date":"2023-03-17","contractor":{"id":18,"inn":"5814100370","caption":"ООО\"ФабрикаИнтерьернойКовки\""},"description":"","state":{"code":"DRAFT","caption":"Формируется"},"releaseDate":"2023-03-22"},{"id":323,"number":"2023-03-17-318","date":"2023-03-17","contractor":{"id":19,"inn":"4813014303","caption":"ООО\"НПКЭкотекс\""},"description":"","state":{"code":"DRAFT","caption":"Формируется"},"releaseDate":"2023-03-26"}]'
*/
  --
  TRUNCATE TABLE request;

  INSERT INTO request (id, number, date, description, releaseDate, state, contractor_id)
  SELECT
    id
   ,number
   ,CONVERT(DATETIME, date, 20) AS date
   ,description
   ,CONVERT(DATETIME, releaseDate, 20) AS releaseDate
   ,st.code
   ,contractor_id
  FROM OPENJSON(@json)
  WITH (
  id INT '$.id',
  number VARCHAR(50) '$.number',
  date VARCHAR(50) '$.date',
  description VARCHAR(1000) '$.description',
  releaseDate VARCHAR(50) '$.releaseDate',
  --
  state NVARCHAR(MAX) '$.state' AS JSON,
  contractor NVARCHAR(MAX) '$.contractor' AS JSON
  )
  OUTER APPLY OPENJSON(state)
  WITH (code NVARCHAR(50) '$.code',
  caption NVARCHAR(50) '$.caption') AS st

  OUTER APPLY OPENJSON(contractor)
  WITH (contractor_id NVARCHAR(50) '$.id',
  inn NVARCHAR(50) '$.inn', caption NVARCHAR(50) '$.caption') AS contr
  ;

  SET @r = @@ROWCOUNT
  SELECT
    @r AS result
--
END
GO

--
-- Create or alter procedure [dbo].[_json_contractors]
--
GO
PRINT (N'Create or alter procedure [dbo].[_json_contractors]')
GO
CREATE OR ALTER PROCEDURE dbo._json_contractors @json VARCHAR(MAX)
AS
BEGIN
  DECLARE @r INT
  /*  IF @json IS NULL
      SET @json = '[{"id":1,"inn":"7451356475","caption":"ООО\"КомпозитГруппЧелябинск\""},{"id":2,"inn":"1903011647","caption":"ООО\"Фактор\""},{"id":3,"inn":"7801621813","caption":"ООО\"Союзпромтех\""},{"id":4,"inn":"6732236252","caption":"ООО\"Барса\""},{"id":5,"inn":"6658397081","caption":"ООО\"Гаммаинпром\""},{"id":6,"inn":"5037011495","caption":"ООО\"НПКИнновация\""},{"id":7,"inn":"7325114941","caption":"ООО\"СП\""},{"id":8,"inn":"7810184969","caption":"ООО\"Фабрик\""},{"id":9,"inn":"7727204754","caption":"ООО\"ОконныеСистемыиТехнологии\""},{"id":10,"inn":"1006001845","caption":"ПК\"Маяк\""},{"id":11,"inn":"5021010457","caption":"ООО\"ПТХ\""},{"id":12,"inn":"6664022972","caption":"АО\"Промбезопасность\""},{"id":13,"inn":"1650013048","caption":"ПИТК\"Приоритет\""},{"id":14,"inn":"3665051138","caption":"ООО\"Техконтроль\""},{"id":15,"inn":"5401278725","caption":"ООО\"Пищеторг\""},{"id":16,"inn":"4712124451","caption":"АО\"ПриозерскаяГорнаяКомпания\""},{"id":17,"inn":"3327837307","caption":"ООО\"Элитком\""},{"id":18,"inn":"5814100370","caption":"ООО\"ФабрикаИнтерьернойКовки\""},{"id":19,"inn":"4813014303","caption":"ООО\"НПКЭкотекс\""},{"id":20,"inn":"5260368853","caption":"ООО\"Традиции\""}]'
  */
  --
  TRUNCATE TABLE contractor;

  INSERT INTO contractor (id, inn,caption )
    SELECT
      id
      ,inn,caption
    FROM OPENJSON(@json)
    WITH (
    id INT 'strict $.id',
    inn varchar(50) 'strict $.inn',
     caption varchar(50) 'strict $.caption'
    );

  SET @r = @@ROWCOUNT
  select @r AS result
--
END
GO

--
-- Create table [dbo].[auth_user]
--
PRINT (N'Create table [dbo].[auth_user]')
GO
CREATE TABLE dbo.auth_user (
  id int IDENTITY,
  password nvarchar(128) NOT NULL,
  last_login datetimeoffset NULL,
  is_superuser bit NOT NULL,
  username nvarchar(150) NOT NULL,
  first_name nvarchar(150) NOT NULL,
  last_name nvarchar(150) NOT NULL,
  email nvarchar(254) NOT NULL,
  is_staff bit NOT NULL,
  is_active bit NOT NULL,
  date_joined datetimeoffset NOT NULL,
  PRIMARY KEY CLUSTERED (id),
  CONSTRAINT auth_user_username_6821ab7c_uniq UNIQUE (username)
)
ON [PRIMARY]
GO

--
-- Create or alter procedure [dbo].[email_to_send_get]
--
GO
PRINT (N'Create or alter procedure [dbo].[email_to_send_get]')
GO
CREATE OR ALTER PROCEDURE dbo.email_to_send_get
AS
BEGIN

  --потом раскоментить
  SELECT
    m.msg AS text_message
   ,au.email AS email
   ,'Сообщение от системы AUMANU' AS header_message
   ,m.id AS id_claim_message
  FROM messages m
      ,auth_user au
  WHERE ISNULL(m.send, 0) = 0
  AND m.type <> 1

END
GO

--
-- Create table [dbo].[auth_permission]
--
PRINT (N'Create table [dbo].[auth_permission]')
GO
CREATE TABLE dbo.auth_permission (
  id int IDENTITY,
  name nvarchar(255) NOT NULL,
  content_type_id int NOT NULL,
  codename nvarchar(100) NOT NULL,
  PRIMARY KEY CLUSTERED (id)
)
ON [PRIMARY]
GO

--
-- Create index [auth_permission_content_type_id_2f476e4b] on table [dbo].[auth_permission]
--
PRINT (N'Create index [auth_permission_content_type_id_2f476e4b] on table [dbo].[auth_permission]')
GO
CREATE INDEX auth_permission_content_type_id_2f476e4b
  ON dbo.auth_permission (content_type_id)
  ON [PRIMARY]
GO

--
-- Create index [auth_permission_content_type_id_codename_01ab375a_uniq] on table [dbo].[auth_permission]
--
PRINT (N'Create index [auth_permission_content_type_id_codename_01ab375a_uniq] on table [dbo].[auth_permission]')
GO
CREATE UNIQUE INDEX auth_permission_content_type_id_codename_01ab375a_uniq
  ON dbo.auth_permission (content_type_id, codename)
  WHERE ([content_type_id] IS NOT NULL AND [codename] IS NOT NULL)
  ON [PRIMARY]
GO

--
-- Create table [dbo].[auth_group]
--
PRINT (N'Create table [dbo].[auth_group]')
GO
CREATE TABLE dbo.auth_group (
  id int IDENTITY,
  name nvarchar(150) NOT NULL,
  PRIMARY KEY CLUSTERED (id),
  CONSTRAINT auth_group_name_a6ea08ec_uniq UNIQUE (name)
)
ON [PRIMARY]
GO

--
-- Create table [dbo].[items]
--
PRINT (N'Create table [dbo].[items]')
GO
CREATE TABLE dbo.items (
  id int NOT NULL,
  request_id int NULL,
  product_id int NULL,
  quantity int NULL,
  quantityExec int NULL,
  CONSTRAINT PK_items_id PRIMARY KEY CLUSTERED (id)
)
ON [PRIMARY]
GO

--
-- Create or alter procedure [dbo].[_set_release_production]
--
GO
PRINT (N'Create or alter procedure [dbo].[_set_release_production]')
GO
CREATE OR ALTER PROCEDURE dbo._set_release_production @request_id INT,
@item_id INT,
@quantity INT
AS
BEGIN
  DECLARE @res INT
 /* SELECT
    @res = quantity - quantityExec
  FROM items i
  WHERE id = @item_id

  IF @quantity > @res    SET @quantity = @res
*/
  UPDATE items
  SET quantityExec = quantityExec + ISNULL(@quantity, 0)
  WHERE id = @item_id

  IF NOT EXISTS (SELECT
        P.item_id
       ,P.q
       ,P.q_ex
      FROM (SELECT
          SUM(i.quantity) q
         ,SUM(i.quantityExec) q_ex
         ,i.id AS item_id
        FROM items i
        LEFT JOIN request r
          ON i.request_id = r.id
        WHERE r.id = @request_id
        GROUP BY i.id) P
      WHERE P.q > P.q_ex)
  BEGIN
    UPDATE request
    SET state = 'EXECUTED'
    WHERE id = @request_id
  END

  IF EXISTS (SELECT
        i.id
      FROM items i
      WHERE i.id = @item_id
      AND i.quantity <= i.quantityExec)
    --если количество достаточное, освобождаем станки
    SELECT
      m.port
    FROM items i
    LEFT JOIN orders o
      ON o.item_id = i.id
    INNER JOIN machines m
      ON o.label = m.label
        AND m.current_status = 'WORKING'
    WHERE i.id = @item_id
  ELSE
    SELECT
      '    ' AS port
    WHERE 1 = 0
END
GO

--
-- Create or alter procedure [dbo].[_set_order]
--
GO
PRINT (N'Create or alter procedure [dbo].[_set_order]')
GO
CREATE OR ALTER PROCEDURE dbo._set_order @item_id INT,
@port INT,
@quantity INT,
@priority INT = NULL
AS
BEGIN
  SET NOCOUNT ON

  --устанавливает заказ наряд
  --проверяет, чтобы не назначилось лишнего
  --проверить статуст станка в таблице waitung or анон и еще тип
  --количество в quantitiExce общая сумма уже назначена 

  DECLARE @type VARCHAR(50)
         ,@state VARCHAR(50)
         ,@error_message VARCHAR(500) = NULL

  --получаем тип станка и его статус
  SELECT
    @type = m.type
   ,@state = m.current_status
  FROM machines m
  WHERE m.port = @port
  --Типы станков
  --lathe
  --milling

  DECLARE @quantity_items INT --нужно сделать всего
         ,@quantityExec_items INT --уже сделано 
         ,@quantity_distribute_items INT
         ,@quantity_current_orders INT --делается сейчас по заявкам

  --сколько сейчас делается текуйщей детали на станках
  SELECT
    @quantity_current_orders = SUM(isnull(o.quantity,0))
  FROM orders o
  LEFT JOIN machines m
    ON o.label = m.label
  WHERE m.type = @type
  AND o.item_id = @item_id

SET @quantity_current_orders=isnull(@quantity_current_orders,0)
  --проверяем сколько в заявке и сколько уже сделано
  SELECT
    @quantity_items = i.quantity
   ,@quantityExec_items = i.quantityExec
  FROM items i
  WHERE i.id = @item_id

  --сколько осталось распределить
  SET @quantity_distribute_items = @quantity_items - @quantityExec_items - @quantity_current_orders

  IF @quantity_distribute_items < @quantity
  BEGIN
    SET @error_message = 'Заведено неверное количество '+cast(@quantity AS varchar(50))+'!'
    GOTO ERROR
  END

IF @quantity > @quantity_distribute_items
    SET @quantity = @quantity_distribute_items

  --проверям что станок не занят
  IF ((@state = 'unknown')
    OR (@state = 'WAITING'))
  BEGIN
    --вставляем оредр
    INSERT orders (item_id, label, quantity, priority)
      SELECT
        @item_id
       ,label
       ,@quantity
       ,@priority
      FROM machines m
      WHERE m.port = @port;
    SET @error_message = ''
    GOTO ERROR
  END
  ELSE
  BEGIN
    SET @error_message = 'Станок занят!'
    GOTO ERROR
  END

ERROR:
  BEGIN
    SELECT
      @error_message AS msg
  END
END
GO

--
-- Create or alter procedure [dbo].[_json_request_items]
--
GO
PRINT (N'Create or alter procedure [dbo].[_json_request_items]')
GO
CREATE OR ALTER PROCEDURE dbo._json_request_items @request_id INT, @json VARCHAR(MAX)
AS
BEGIN
  DECLARE @r INT
 /*
  IF @json IS NULL
  BEGIN
    SET @request_id = 324
    SET @json = '[{"id":2057,"request":{"id":2057,"number":"2023-03-17-319","date":"2023-03-17","contractor":{"id":1,"inn":"7451356475","caption":"ООО\"КомпозитГруппЧелябинск\""},"description":"","state":{"code":"DRAFT","caption":"Формируется"},"releaseDate":"2023-03-23"},"product":{"id":1929,"code":"ML34LT88","caption":"ФР34-ТК88","millingTime":34,"latheTime":88},"quantity":932,"quantityExec":0},{"id":2058,"request":{"id":2058,"number":"2023-03-17-319","date":"2023-03-17","contractor":{"id":1,"inn":"7451356475","caption":"ООО\"КомпозитГруппЧелябинск\""},"description":"","state":{"code":"DRAFT","caption":"Формируется"},"releaseDate":"2023-03-23"},"product":{"id":1930,"code":"ML29LT100","caption":"ФР29-ТК100","millingTime":29,"latheTime":100},"quantity":139,"quantityExec":0},{"id":2059,"request":{"id":2059,"number":"2023-03-17-319","date":"2023-03-17","contractor":{"id":1,"inn":"7451356475","caption":"ООО\"КомпозитГруппЧелябинск\""},"description":"","state":{"code":"DRAFT","caption":"Формируется"},"releaseDate":"2023-03-23"},"product":{"id":1931,"code":"ML110LT22","caption":"ФР110-ТК22","millingTime":110,"latheTime":22},"quantity":276,"quantityExec":0},{"id":2060,"request":{"id":2060,"number":"2023-03-17-319","date":"2023-03-17","contractor":{"id":1,"inn":"7451356475","caption":"ООО\"КомпозитГруппЧелябинск\""},"description":"","state":{"code":"DRAFT","caption":"Формируется"},"releaseDate":"2023-03-23"},"product":{"id":1932,"code":"ML26LT105","caption":"ФР26-ТК105","millingTime":26,"latheTime":105},"quantity":645,"quantityExec":0},{"id":2054,"request":{"id":2054,"number":"2023-03-17-319","date":"2023-03-17","contractor":{"id":1,"inn":"7451356475","caption":"ООО\"КомпозитГруппЧелябинск\""},"description":"","state":{"code":"DRAFT","caption":"Формируется"},"releaseDate":"2023-03-23"},"product":{"id":1926,"code":"ML26LT146","caption":"ФР26-ТК146","millingTime":26,"latheTime":146},"quantity":539,"quantityExec":0},{"id":2055,"request":{"id":2055,"number":"2023-03-17-319","date":"2023-03-17","contractor":{"id":1,"inn":"7451356475","caption":"ООО\"КомпозитГруппЧелябинск\""},"description":"","state":{"code":"DRAFT","caption":"Формируется"},"releaseDate":"2023-03-23"},"product":{"id":1927,"code":"ML32LT86","caption":"ФР32-ТК86","millingTime":32,"latheTime":86},"quantity":800,"quantityExec":0},{"id":2056,"request":{"id":2056,"number":"2023-03-17-319","date":"2023-03-17","contractor":{"id":1,"inn":"7451356475","caption":"ООО\"КомпозитГруппЧелябинск\""},"description":"","state":{"code":"DRAFT","caption":"Формируется"},"releaseDate":"2023-03-23"},"product":{"id":1928,"code":"ML51LT138","caption":"ФР51-ТК138","millingTime":51,"latheTime":138},"quantity":727,"quantityExec":0}]'
  END
  */
  --
  DELETE FROM items
  WHERE request_id=@request_id

  INSERT INTO items (id, request_id, product_id, quantity, quantityExec)
  SELECT
    id
   ,@request_id AS request_id
   ,product_id
   ,quantity
   ,quantityExec
  FROM OPENJSON(@json)
  WITH (
  id INT ' $.id',
  product NVARCHAR(MAX) '$.product' AS JSON,
  quantity INT ' $.quantity',
  quantityExec INT ' $.quantityExec'
  )
  OUTER APPLY OPENJSON(product)
  WITH (product_id INT '$.id') AS product;

  SET @r = @@ROWCOUNT
  SELECT
    @r AS result
--
END
GO

--
-- Create or alter procedure [dbo].[_generate_order_report]
--
GO
PRINT (N'Create or alter procedure [dbo].[_generate_order_report]')
GO
CREATE OR ALTER PROCEDURE dbo._generate_order_report @request_id INT, @report_id INT OUTPUT
AS

  DECLARE @number VARCHAR(50)
         ,@date VARCHAR(10)
         ,@description VARCHAR(MAX)
         ,@releaseDate DATETIME
         ,@contragent_name VARCHAR(50)
         ,@inn VARCHAR(500)
         ,@contragent_caption VARCHAR(500)
         ,@quantity_all VARCHAR(50) = CAST(100 AS VARCHAR)
       
         ,@current_str INT
         ,@max_str INT




  DECLARE @order_table TABLE (
    id INT IDENTITY (1, 1)
   ,machine_name VARCHAR(50)
   ,operation_type VARCHAR(50)
   ,quantity INT
   ,sort INT
  )

  INSERT @order_table (machine_name, operation_type, quantity)
    SELECT
      m.label
     ,m.type
     ,o.quantity
    FROM orders o
    LEFT JOIN machines m
      ON o.label = m.label
    ORDER BY m.type


  DECLARE @items_table TABLE (
    id INT IDENTITY (1, 1)
   ,code VARCHAR(50)
   ,caption VARCHAR(50)
   ,quantity_product VARCHAR(50)
   ,str VARCHAR(500)
  )

  INSERT @items_table (code, caption, quantity_product, str)
    SELECT
      p.code
     ,p.caption
     ,i.quantity
     ,ot.ssss
    FROM items i
    LEFT JOIN product p
      ON i.product_id = p.id
    OUTER APPLY (SELECT
        o.item_id
       ,STRING_AGG(o.label + ' ' + CAST(o.quantity AS VARCHAR),'<br>') AS ssss
      FROM orders o
      GROUP BY o.item_id
      HAVING o.item_id = i.id) AS ot
    WHERE i.request_id = @request_id



  SELECT
    @date = ISNULL(CONVERT(VARCHAR(10), r.date, 104), '')
   ,@number = ISNULL(r.number, '')
   ,@description = ISNULL(r.description, '')
   ,@contragent_name = ISNULL(c.caption, '')
   ,@inn = ISNULL(c.inn, '')
  FROM dbo.request AS r
  LEFT JOIN dbo.contractor AS c
    ON c.id = r.contractor_id
  WHERE r.id = @request_id


  SET @quantity_all = ISNULL(CAST((SELECT
      SUM(CAST(quantity_product AS INT))
    FROM @items_table)
  AS VARCHAR), '')

  DECLARE @html VARCHAR(MAX) = '<p style="text-align: center;"><strong>Заказ наряд на выполнение работ</strong></p>
<table style="border-collapse: collapse; width: 100%; height: 36px;" border="1">
<tbody>
<tr style="height: 18px;">
<td style="width: 30%; height: 18px;"><strong>Заказ №</strong></td>
<td style="width: 70%; height: 18px;">' + @number + '</td>
</tr>
<tr style="height: 18px;">
<td style="width: 30%; height: 18px;"><strong>Дата заказа</strong></td>
<td style="width: 70%; height: 18px;">' + CONVERT(VARCHAR(10), @date, 104) + '</td>
</tr>
<tr>
<td style="width: 30%;"><strong>Количество</strong></td>
<td style="width: 70%;">' + @quantity_all + '</td>
</tr>
</tbody>
</table>
<p><strong>Описание:</strong></p>
<p>' + @description + '</p>
<table style="border-collapse: collapse; width: 100%;" border="1">
<tbody>
<tr>
<td style="width: 30%;"><strong>Заказчик</strong></td>
<td style="width: 70%;">' + @contragent_name + '</td>
</tr>
<tr>
<td style="width: 30%;"><strong>ИНН</strong></td>
<td style="width: 70%;">' + @inn + '</td>
</tr>
</tbody>
</table>
<p><strong>Требуемые работы</strong></p>
<table style="border-collapse: collapse; width: 100%;" border="1">
<tbody>
<tr>
<td style="width: 25.0%; text-align: center;"><strong>Код продукта</strong></td>
<td style="width: 25.0%; text-align: center;"><strong>Наименование</strong></td>
<td style="width: 25.0%; text-align: center;"><strong>Количество</strong></td>
<td style="width: 25.0%; text-align: center;"><strong>По станкам</strong></td>
</tr>'

  SELECT
    @current_str = MIN(id)
   ,@max_str = MAX(id)
  FROM @items_table

  DECLARE @code VARCHAR(50)
         ,@caption_product VARCHAR(50)
         ,@quantity_product VARCHAR(50)
         ,@str VARCHAR(500)
  WHILE @current_str <= @max_str
  BEGIN
  SET @html = @html + '<tr>'

  SELECT
    @code = ISNULL(it.code, '')
   ,@caption_product = ISNULL(it.caption, '')
   ,@quantity_product = ISNULL(CAST(it.quantity_product AS VARCHAR), '')
   ,@str = ISNULL(it.str,'')
  FROM @items_table AS it
  WHERE it.id = @current_str
  SET @html = @html
  SET @html = @html + '<td style="width: 25.0%; text-align: center;">' + @code + '</td>'
  + '<td style="width: 25.0%; text-align: center;">' + @caption_product + '</td>'
  + '<td style="width: 25.0%; text-align: center;">' + @quantity_product + '</td>'
  + '<td style="width: 25.0%; text-align: center;">' + @str + '</td>'
  SET @html = @html + '</tr>'
  SET @current_str = @current_str + 1
  END

  --<td style="width: 33.3333%; text-align: center;">@код</td>
  --<td style="width: 33.3333%; text-align: center;">@наименование</td>
  --<td style="width: 33.3333%; text-align: center;">@количество</td>


  SET @html = @html + '
</tbody>
</table>'

 -- SET @html = @html + 
--<p>&nbsp;</p>
--<table style="border-collapse: collapse; width: 100%; height: 18px;" border="1">
--<tbody>
--<tr style="height: 18px;">
--<td style="width: 50%; text-align: center; height: 18px;"><strong>Станок</strong></td>
--<td style="width: 50%; text-align: center; height: 18px;"><strong>Количество</strong></td>
--</tr>
--<tr>

--  SELECT
 --   @current_str = MIN(id)
 --  ,@max_str = MAX(id)
--  FROM @order_table

--  DECLARE @machine_label VARCHAR(50)
--         ,@quantity_machine VARCHAR(50)

--  WHILE @current_str <= @max_str
--  BEGIN
--  SELECT
 --   @machine_label = ISNULL(ot.machine_name, '')
--   ,@quantity_machine = ISNULL(CAST(ot.quantity AS VARCHAR), '')
--  FROM @order_table AS ot
--  WHERE ot.id = @current_str

--  SET @html = @html + '<td style="width: 50%; text-align: center;">' + @machine_label + '</td>'
 -- SET @html = @html + '<td style="width: 50%; text-align: center;">' + @quantity_machine + '</td>'
 -- SET @current_str = @current_str + 1
 -- END
--  SET @html = @html + '</tr>
--</tbody>
--</table>
SET @html = @html +'<p></p>
<p style="text-align: left;">Подпись_____________</p>'

  INSERT reports (title, html)
    VALUES ('Заказ-наряд на ' + ISNULL(@number, ''), @html);

  SET @report_id = @@IDENTITY;

  UPDATE request
  SET report_id = @report_id
  WHERE id = @request_id
GO

--
-- Create or alter procedure [dbo].[_set_request_approve]
--
GO
PRINT (N'Create or alter procedure [dbo].[_set_request_approve]')
GO
CREATE OR ALTER PROCEDURE dbo._set_request_approve @request_id INT
AS
  SET NOCOUNT ON;

DECLARE @report_id INT, @number varchar(50), @msg varchar(MAX)

SELECT @msg='Сформирован заказ-наряд на заказ '+isnull(r.number,'') FROM request r WHERE id=@request_id

--генерим заказ наряд
EXEC _generate_order_report @request_id, @report_id OUTPUT

EXEC _send_message @msg
                  ,0---зеленый
                  ,@report_id

  --ставит у заказа статус
  UPDATE request
  SET state = 'IN_PRODUCTION'
  WHERE id = @request_id;

  --проставляем у каждого станка статус

  UPDATE machines
  SET current_status = 'WORKING'
     ,product_id = S.product_id
  FROM (SELECT
      o.label
     ,i.product_id
    FROM items i
    LEFT JOIN orders o
      ON o.item_id = i.id
    WHERE i.request_id = @request_id) S
  WHERE S.label = machines.label

--и рапортуем, что в тот рест тоже надо статусы проставить
  SELECT
    o.label
   ,m.port
   ,i.product_id
  FROM items i
  LEFT JOIN orders o
    ON o.item_id = i.id
  LEFT JOIN machines m
    ON o.label = m.label
  WHERE i.request_id = @request_id
GO

--
-- Create or alter procedure [dbo].[_check_for_approve]
--
GO
PRINT (N'Create or alter procedure [dbo].[_check_for_approve]')
GO
CREATE OR ALTER PROCEDURE dbo._check_for_approve @request_id INT
AS
BEGIN
  DECLARE @r INT = 1
  ,@q1 INT, @q2 INT

  --проверим что у этого заказа статус
  IF NOT EXISTS (SELECT
        id
      FROM request r
      WHERE r.state IN ('DRAFT'))
    --
    SET @r = 0

  --проверим, что количество 
  SELECT @q1=sum(i.quantity)  from request r
  LEFT JOIN items i ON i.request_id=r.id
  WHERE r.id=@request_id

  SELECT @q2=
   SUM( o.quantity) 
  FROM items i
  LEFT JOIN orders o
    ON o.item_id = i.id
  WHERE i.request_id = @request_id

--если распределено q2 больше или равно, то пойдет
IF @q1>@q2
  SET @r=0

  SELECT
    @r AS result
END
GO

--
-- Create or alter view [dbo].[_requests]
--
GO
PRINT (N'Create or alter view [dbo].[_requests]')
GO
CREATE OR ALTER VIEW dbo._requests 
AS SELECT
  r.id AS request_id
 ,r.number
 ,r.date
 ,r.description
 ,r.releaseDate
 ,s.code AS state
 ,s.caption AS state_caption

 ,c.inn AS contractor_inn
 ,c.caption AS contractor_caption

 ,r.report_id
 ,quant.i_quantity,quant.o_quantity

 ,CASE
    WHEN r.state = 'DRAFT' THEN CASE
        WHEN quant.i_quantity <= quant.o_quantity THEN 'Все распределено'
        WHEN quant.i_quantity > quant.o_quantity AND quant.o_quantity>0 THEN 'Частичное распределение'
        ELSE ''
      END
    ELSE ''
  END AS state_order

 ,CASE
    WHEN r.state = 'DRAFT' AND
      quant.i_quantity <= quant.o_quantity THEN 1
    ELSE 0
  END AS state_order_int

FROM request r
LEFT JOIN contractor c
  ON r.contractor_id = c.id
LEFT JOIN state s
  ON r.state = s.code
OUTER APPLY (SELECT
    SUM(ISNULL(i.quantity, 0)) AS i_quantity
   ,SUM(ISNULL(o.quantity, 0)) AS o_quantity
  FROM items i
  LEFT JOIN orders o
    ON o.item_id = i.id
  WHERE i.request_id = r.id) quant
GO

--
-- Create or alter view [dbo].[_request_items]
--
GO
PRINT (N'Create or alter view [dbo].[_request_items]')
GO
CREATE OR ALTER VIEW dbo._request_items 
AS SELECT
  r.id AS request_id
 ,r.number
 ,r.date
 ,r.description
 ,r.releaseDate
 ,c.caption AS contractor_caption
 ,i.quantity
 ,p.code AS product_code
 ,p.caption AS product_caption
 ,i.id AS item_id
 ,ot.machines_list
 ,i.quantity-isnull(q_all_lathe,0) AS quantity_left_lathe
 ,i.quantity-isnull(q_all_milling,0) AS quantity_left_milling

 ,CASE
    WHEN r.state = 'DRAFT' THEN CASE
        WHEN quant.i_quantity <= quant.o_quantity THEN 'Все распределено'
        WHEN quant.i_quantity > quant.o_quantity AND quant.o_quantity>0 THEN 'Частичное распределение'
        ELSE ''
      END
    ELSE ''
  END AS state_order

 ,CASE
    WHEN r.state = 'DRAFT' AND
      quant.i_quantity <= quant.o_quantity THEN 1
    ELSE 0
  END AS state_order_int

FROM request r
LEFT JOIN items i
  ON i.request_id = r.id
LEFT JOIN product p
  ON i.product_id = p.id
LEFT JOIN contractor c
  ON r.contractor_id = c.id
OUTER APPLY (SELECT
    o.item_id
   ,STRING_AGG(o.label + '   ' + CAST(o.quantity AS VARCHAR) + ' шт',CHAR(13)) AS machines_list
  FROM orders o
  GROUP BY o.item_id
  HAVING o.item_id = i.id) AS ot

OUTER APPLY (SELECT
    sum(isnull(o.quantity,0)) AS q_all_lathe
  FROM orders o
  inner JOIN machines m ON o.label = m.label and type='lathe'
  GROUP BY o.item_id
  HAVING o.item_id = i.id) AS q_ot_lathe

OUTER APPLY (SELECT
    sum(isnull(o.quantity,0)) AS q_all_milling
  FROM orders o
    inner JOIN machines m ON o.label = m.label and type='milling'
  GROUP BY o.item_id
  HAVING o.item_id = i.id) AS q_ot_milling

OUTER APPLY (SELECT
    SUM(ISNULL(i.quantity, 0)) AS i_quantity
   ,SUM(ISNULL(o.quantity, 0)) AS o_quantity
  FROM items i
  LEFT JOIN orders o
    ON o.item_id = i.id
  WHERE i.request_id = r.id) quant
GO

--
-- Create or alter view [dbo].[_released_production]
--
GO
PRINT (N'Create or alter view [dbo].[_released_production]')
GO
CREATE OR ALTER VIEW dbo._released_production 
AS SELECT
  r.id AS request_id
 ,r.number
 ,r.date
 ,r.releaseDate
 ,i.id AS item_id
 ,i.quantity
 ,i.quantityExec
 ,p.code
 ,p.caption
FROM request r
LEFT JOIN items i
  ON i.request_id = r.id
LEFT JOIN product p
  ON i.product_id = p.id
WHERE r.state = 'IN_PRODUCTION'
AND  i.quantity>
 i.quantityExec
GO

--
-- Create or alter view [dbo].[_items_production_by_time]
--
GO
PRINT (N'Create or alter view [dbo].[_items_production_by_time]')
GO
CREATE OR ALTER VIEW dbo._items_production_by_time 
AS SELECT
  i.id
 ,i.request_id
 ,i.product_id
 ,i.quantity
 ,ISNULL(i.quantity, 0) * ISNULL(p.millingTime, 0) AS all_miling_time
 ,ISNULL(i.quantity, 0) * ISNULL(p.latheTime, 0) AS all_lathe_time
 ,CASE
    WHEN ISNULL(p.millingTime, 0) > 0 THEN ISNULL(o_milling.quantity, 0)
    ELSE 0
  END AS cur_quant_milling
 ,CASE
    WHEN ISNULL(p.latheTime, 0) > 0 THEN ISNULL(o_lathe.quantity, 0)
    ELSE 0
  END AS cur_quant_lathe
 ,CASE
    WHEN ISNULL(p.millingTime, 0) > 0 THEN ISNULL(i.quantity, 0) - ISNULL(o_milling.quantity, 0) - ISNULL(i.quantityExec, 0)
    ELSE 0
  END AS demand_milling_quant
 ,CASE
    WHEN ISNULL(p.latheTime, 0) > 0 THEN ISNULL(i.quantity, 0) - ISNULL(o_lathe.quantity, 0) - ISNULL(i.quantityExec, 0)
    ELSE 0
  END AS demand_lathe_quant
FROM items i
LEFT JOIN product p
  ON i.product_id = p.id
LEFT JOIN (SELECT
    o.item_id
   ,SUM(o.quantity) quantity
  FROM orders o
  INNER JOIN machines m
    ON o.label = m.label
    AND type = 'lathe'
  GROUP BY o.item_id) o_lathe
  ON o_lathe.item_id = i.id

LEFT JOIN (SELECT
    o.item_id
   ,SUM(o.quantity) quantity
  FROM orders o
  INNER JOIN machines m
    ON o.label = m.label
    AND type = 'milling'
  GROUP BY o.item_id) o_milling
  ON o_milling.item_id = i.id
GO

--
-- Create or alter view [dbo].[_requests_automatic_distribution_machines]
--
GO
PRINT (N'Create or alter view [dbo].[_requests_automatic_distribution_machines]')
GO
CREATE OR ALTER VIEW dbo._requests_automatic_distribution_machines 
AS SELECT
    r.id
    ,sss.all_time / 86400 AS days
    ,r.date
    ,r.releaseDate
  FROM request r
  LEFT JOIN (SELECT ipbt.request_id, SUM(ipbt.all_miling_time) + SUM(ipbt.all_lathe_time) AS all_time FROM _items_production_by_time ipbt
  GROUP BY ipbt.request_id) AS sss ON sss.request_id = r.id

  WHERE 
  --NOT EXISTS (SELECT
   --   1
   -- FROM orders r
   -- LEFT JOIN items i
   --   ON i.id = r.item_id
   -- WHERE i.request_id = r.id)
 --AND 
 r.state = 'DRAFT'
GO

--
-- Create or alter view [dbo].[_free_machines]
--
GO
PRINT (N'Create or alter view [dbo].[_free_machines]')
GO
CREATE OR ALTER VIEW dbo._free_machines 
AS SELECT
  m.label
 ,CASE m.type
    WHEN 'milling' THEN 'фрезерный'
    WHEN 'lathe' THEN 'токарный'
  END AS type_caption
 ,type
 ,m.port
FROM machines m
LEFT JOIN orders o
  ON m.label = o.label
LEFT JOIN items i
  ON o.item_id = i.id
LEFT JOIN request r
  ON i.request_id = r.id
WHERE m.current_status IN ('WAITING', 'unknown')
AND ISNULL(r.state, '') NOT IN ('DRAFT', 'IN_PRODUCTION', 'unknown')
GO

--
-- Create or alter procedure [dbo].[_check_for_broken]
--
GO
PRINT (N'Create or alter procedure [dbo].[_check_for_broken]')
GO
CREATE OR ALTER PROCEDURE dbo._check_for_broken

AS
BEGIN
  --находит те заказы, в которых в заказ нарядах есть станки, у которых сейчас статус СЛОМАН или РЕМОНТ
  DECLARE @label VARCHAR(50)
         ,@label_new VARCHAR(50)
         ,@msg VARCHAR(255)
         ,@report_id INT
         ,@var_report_id INT
         ,@var_request_id INT
         ,@product_id INT
         ,@var_number VARCHAR(50)

  DECLARE @machines TABLE (
    port VARCHAR(50)
   ,label VARCHAR(50)
   ,type VARCHAR(50)
   ,product_id VARCHAR(50)
   ,mark VARCHAR(50)
  )

  --станки, которые стали сломанными
  INSERT INTO @machines (port, label, type, product_id, mark)
    SELECT
      m.port
     ,m.label
     ,m.type
     ,m.product_id
     ,CASE--надо ему искать замену или нет
        WHEN m_prev.product_id IS NOT NULL AND
          m_prev.current_status = 'WORKING' THEN 'BROKEN'
        ELSE 'NEED REPLACE'
      END AS mark
    FROM machines_cache m_prev
    LEFT JOIN machines m
      ON m_prev.label = m.label
    /*
        OUTER APPLY (SELECT
            SUM(orders.quantity) AS s_q
          FROM orders
          LEFT JOIN items i
            ON i.id = orders.item_id
          LEFT JOIN request r
            ON r.id = i.request_id
          WHERE r.state IN ('DRAFT', 'IN_PRODUCTION')
          AND orders.label = m_prev.label) o
    */
    WHERE m.current_status IN ('BROKEN', 'REPAIRING')
    AND m_prev.current_status NOT IN ('BROKEN', 'REPAIRING')

  -- SELECT    *   ,'1'  FROM @machines

  WHILE EXISTS (SELECT TOP 1
      1
    FROM @machines
    WHERE mark IN ('NEED REPLACE', 'BROKEN'))
  BEGIN

  --по очереди все обрабатываем сломавшиеся
  SELECT TOP 1
    @label = label
  FROM @machines
  WHERE mark IN ('NEED REPLACE', 'BROKEN')

  SET @label_new = NULL

  IF @label = ''
    BREAK

  --ищем подходящую замену, если нужно
  SELECT
    @label_new = fm.label
  FROM @machines m
  INNER JOIN _free_machines fm
    ON m.type = fm.type
      AND m.label = @label
      AND m.mark IN ('NEED REPLACE')

  --SELECT  @label label ,@label_new label_new

  IF ISNULL(@label_new, '') = ''
  BEGIN
    --создадим сообщение
    EXEC _generate_repairs_report @label
                                 ,@report_id OUTPUT

    IF EXISTS (SELECT
         label
        FROM @machines
        WHERE label = @label
        AND mark = 'NEED REPLACE')
      SET @msg = 'Станок ' + @label + ' сломан. На замену никто не назначен. Сформируйте заявку на ремонт -->'
    ELSE
      SET @msg = 'Станок ' + @label + ' сломан. Сформируйте заявку на ремонт -->'

    EXEC _send_message @msg
                      ,2 --красный
                      ,@report_id
  END
  ELSE
  BEGIN
    --у замены нужно поменять статус и продакт_ид
    UPDATE machines
    SET product_id = @product_id
       ,current_status = 'WORKING'
    WHERE label = @label_new

    --у старого кстати очистим продукт
    UPDATE machines
    SET product_id = NULL
    WHERE label = @label

    --перевесим все невыполненные наряды
    UPDATE orders
    SET label = @label_new
    WHERE label = @label
    AND item_id IN (SELECT
        i.id AS item_id
      FROM request r
      LEFT JOIN items i
        ON i.request_id = r.id
      WHERE r.state IN ('DRAFT', 'IN_PRODUCTION', 'unknown'))

    --по идее можно обновить заказ наряд.
    DECLARE cur CURSOR FAST_FORWARD READ_ONLY LOCAL FOR SELECT

      r.report_id
     ,r.id
     ,r.number
    FROM request r
    LEFT JOIN items i
      ON i.request_id = r.id
    LEFT JOIN orders o
      ON o.item_id = i.id
    WHERE label = @label
    AND r.state IN ('IN_PRODUCTION')

    OPEN cur

    FETCH NEXT FROM cur INTO @var_report_id, @var_request_id, @var_number

    WHILE @@FETCH_STATUS = 0
    BEGIN

    --по этому репорту уберем в мсг
    UPDATE messages
    SET report_id = NULL
       ,msg = msg + ' - Аннулирован в связи с поломкой станка'
    WHERE report_id = @var_report_id

    --создадим сообщение
    EXEC _generate_order_report @var_request_id
                               ,@report_id OUTPUT

    SET @msg = 'В связи с заменой оборудования переформирован заказ-наряд на заказ ' + @var_number

    EXEC _send_message @msg
                      ,0 --зеленый
                      ,@report_id


    FETCH NEXT FROM cur INTO @var_report_id, @var_request_id, @var_number

    END

    CLOSE cur
    DEALLOCATE cur



    --добавляем в список тех, кого в ресте напинают
    INSERT INTO @machines (port, label, type, product_id, mark)
      SELECT
        m.port
       ,m.label
       ,m.type
       ,m.product_id
       ,'NEW WORKING'
      FROM machines m
      WHERE m.label = @label_new
      AND m.product_id IS NOT NULL


    --создадим сообщение
    EXEC _generate_repairs_report @label
                                 ,@report_id OUTPUT

    SET @msg = 'Станок ' + @label + ' сломан, в замену ему назначен ' + @label_new + '. Сформирована заявка на ремонт'
    EXEC _send_message @msg
                      ,2 --красный
                      ,@report_id

  END

  --обработанные удаляем
  DELETE FROM @machines
  WHERE label = @label

  END

  SELECT
    port
   ,label
   ,product_id
   ,mark
  FROM @machines
  WHERE mark = 'NEW WORKING'

END
GO

--
-- Create or alter procedure [dbo].[_automatic_distribution_machines]
--
GO
PRINT (N'Create or alter procedure [dbo].[_automatic_distribution_machines]')
GO
CREATE OR ALTER PROCEDURE dbo._automatic_distribution_machines
AS

  SET NOCOUNT ON

  DECLARE @requests TABLE (
    id INT IDENTITY (1, 1)
   ,requests_id INT
   ,items_id INT
   ,quantity INT
   ,millingTime INT --фрейзерный
   ,latheTime INT --токарный
   ,demand_milling_quant INT
   ,demand_lathe_quant INT
   ,priority INT
  )

  IF (SELECT
        COUNT(*)
      FROM _free_machines)
    = 0
  BEGIN
    EXEC _send_message @msg = 'В текущий момент нет свободных станков!'
                      ,@type = 1
                      ,@report_id = NULL
    RETURN 0
  END

  --получаем список не распределенных заказов
  INSERT @requests (requests_id, items_id, quantity, millingTime, latheTime,
  demand_milling_quant, demand_lathe_quant, priority)

  SELECT
  ss.id
 ,i.id AS items_id
 ,0 AS quantity
 ,p.millingTime
 ,p.latheTime
 ,i.demand_milling_quant
 ,i.demand_lathe_quant
 ,CASE
    WHEN ss.days >= 2 THEN 1
    WHEN ss.days < 2 THEN 2
  END AS priority

FROM _requests_automatic_distribution_machines AS ss
LEFT JOIN _items_production_by_time i
  ON i.request_id = ss.id
LEFT JOIN product p
  ON i.product_id = p.id
ORDER BY CASE
  WHEN ss.days >= 2 THEN 1
  WHEN ss.days < 2 THEN 2
END, date, ss.releaseDate

/*
    SELECT
      ss.id
     ,i.id AS items_id
     ,0
     ,p.millingTime
     ,p.latheTime
     ,i.demand_milling_quant
     ,i.demand_lathe_quant
     ,CASE
        WHEN ss.days >= 2 AND
          ss.date = (SELECT
              MIN(date)
            FROM _requests_automatic_distribution_machines
            WHERE days >= 2) THEN 1

        WHEN ss.days >= 2 AND
          ss.releaseDate = (SELECT
              MIN(releaseDate)
            FROM _requests_automatic_distribution_machines
            WHERE days >= 2) THEN 2

        WHEN ss.days < 2 AND
          ss.date = (SELECT
              MIN(date)
            FROM _requests_automatic_distribution_machines
            WHERE days < 2) THEN 3

        WHEN ss.days < 2 AND
          ss.releaseDate = (SELECT
              MIN(releaseDate)
            FROM _requests_automatic_distribution_machines
            WHERE days < 2) THEN 4

        ELSE 5
      END
    FROM _requests_automatic_distribution_machines AS ss
    LEFT JOIN _items_production_by_time i
      ON i.request_id = ss.id
    LEFT JOIN product p
      ON i.product_id = p.id
    WHERE ss.days > 2
    ORDER BY CASE
      WHEN ss.days >= 2 AND
        ss.date = (SELECT
            MIN(date)
          FROM _requests_automatic_distribution_machines
          WHERE days > 2) THEN 1
      WHEN ss.days > 2 AND
        ss.releaseDate = (SELECT
            MIN(releaseDate)
          FROM _requests_automatic_distribution_machines
          WHERE days > 2) THEN 2
      WHEN ss.days < 2 AND
        ss.date = (SELECT
            MIN(date)
          FROM _requests_automatic_distribution_machines
          WHERE days < 2) THEN 3
      WHEN ss.days < 2 AND
        ss.releaseDate = (SELECT
            MIN(releaseDate)
          FROM _requests_automatic_distribution_machines
          WHERE days < 2) THEN 4
      ELSE 5
    END
*/
  SELECT
    *
  FROM @requests

  IF (SELECT
        COUNT(*)
      FROM @requests)
    = 0
  BEGIN
    EXEC _send_message @msg = 'Нет заявок для автораспределения!'
                      ,@type = 1
                      ,@report_id = NULL
    RETURN 0
  END

  DECLARE @current_str INTEGER
         ,@max_str INTEGER


  DECLARE @items_id INT
         ,@quantity INT
         ,@demand_milling_quant INT
         ,@demand_lathe_quant INT
         ,@port INT
         ,@milingTime INT
         ,@latheTime INT
         ,@priority INT

  SELECT
    @current_str = MIN(id)
   ,@max_str = MAX(id)
  FROM @requests

  WHILE @current_str <= @max_str
  BEGIN
  IF (SELECT
        COUNT(*)
      FROM _free_machines)
    = 0
  BEGIN
    EXEC _send_message @msg = 'Распределение завершено. Все станки включены в заказ-наряды.'
                      ,@type = 1
                      ,@report_id = NULL
    BREAK
  END

  SELECT
    @items_id = items_id
   ,@quantity = quantity
   ,@milingTime = millingTime
   ,@latheTime = latheTime
   ,@demand_lathe_quant = ISNULL(demand_lathe_quant, 0)
   ,@demand_milling_quant = ISNULL(demand_milling_quant, 0)
   ,@priority = priority
  FROM @requests
  WHERE id = @current_str

  IF ISNULL(@latheTime, 0) > 0
    AND @demand_lathe_quant > 0
  BEGIN

    IF EXISTS (SELECT TOP 1
          1
        FROM _free_machines
        WHERE type = 'lathe')  -- Токарный
    BEGIN
      PRINT 1
      SET @port = (SELECT TOP 1
          port
        FROM _free_machines
        WHERE type = 'lathe')
      EXEC _set_order @item_id = @items_id
                     ,@port = @port
                     ,@quantity = @demand_lathe_quant
                     ,@priority = @priority
    END
  END

  IF ISNULL(@milingTime, 0) > 0
    AND @demand_milling_quant > 0
  BEGIN
    IF EXISTS (SELECT TOP 1
          1
        FROM _free_machines
        WHERE type = 'milling') --  фрезейрный
    BEGIN
      SET @port = (SELECT TOP 1
          port
        FROM _free_machines
        WHERE type = 'milling')

      EXEC _set_order @item_id = @items_id
                     ,@port = @port
                     ,@quantity = @demand_milling_quant
                     ,@priority = @priority
    END
  END

  SET @current_str = @current_str + 1
  END
  RETURN 0
GO

--
-- Create table [dbo].[auth_user_user_permissions]
--
PRINT (N'Create table [dbo].[auth_user_user_permissions]')
GO
CREATE TABLE dbo.auth_user_user_permissions (
  id bigint IDENTITY,
  user_id int NOT NULL,
  permission_id int NOT NULL,
  PRIMARY KEY CLUSTERED (id)
)
ON [PRIMARY]
GO

--
-- Create index [auth_user_user_permissions_permission_id_1fbb5f2c] on table [dbo].[auth_user_user_permissions]
--
PRINT (N'Create index [auth_user_user_permissions_permission_id_1fbb5f2c] on table [dbo].[auth_user_user_permissions]')
GO
CREATE INDEX auth_user_user_permissions_permission_id_1fbb5f2c
  ON dbo.auth_user_user_permissions (permission_id)
  ON [PRIMARY]
GO

--
-- Create index [auth_user_user_permissions_user_id_a95ead1b] on table [dbo].[auth_user_user_permissions]
--
PRINT (N'Create index [auth_user_user_permissions_user_id_a95ead1b] on table [dbo].[auth_user_user_permissions]')
GO
CREATE INDEX auth_user_user_permissions_user_id_a95ead1b
  ON dbo.auth_user_user_permissions (user_id)
  ON [PRIMARY]
GO

--
-- Create index [auth_user_user_permissions_user_id_permission_id_14a6b632_uniq] on table [dbo].[auth_user_user_permissions]
--
PRINT (N'Create index [auth_user_user_permissions_user_id_permission_id_14a6b632_uniq] on table [dbo].[auth_user_user_permissions]')
GO
CREATE UNIQUE INDEX auth_user_user_permissions_user_id_permission_id_14a6b632_uniq
  ON dbo.auth_user_user_permissions (user_id, permission_id)
  WHERE ([user_id] IS NOT NULL AND [permission_id] IS NOT NULL)
  ON [PRIMARY]
GO

--
-- Create table [dbo].[auth_user_groups]
--
PRINT (N'Create table [dbo].[auth_user_groups]')
GO
CREATE TABLE dbo.auth_user_groups (
  id bigint IDENTITY,
  user_id int NOT NULL,
  group_id int NOT NULL,
  PRIMARY KEY CLUSTERED (id)
)
ON [PRIMARY]
GO

--
-- Create index [auth_user_groups_group_id_97559544] on table [dbo].[auth_user_groups]
--
PRINT (N'Create index [auth_user_groups_group_id_97559544] on table [dbo].[auth_user_groups]')
GO
CREATE INDEX auth_user_groups_group_id_97559544
  ON dbo.auth_user_groups (group_id)
  ON [PRIMARY]
GO

--
-- Create index [auth_user_groups_user_id_6a12ed8b] on table [dbo].[auth_user_groups]
--
PRINT (N'Create index [auth_user_groups_user_id_6a12ed8b] on table [dbo].[auth_user_groups]')
GO
CREATE INDEX auth_user_groups_user_id_6a12ed8b
  ON dbo.auth_user_groups (user_id)
  ON [PRIMARY]
GO

--
-- Create index [auth_user_groups_user_id_group_id_94350c0c_uniq] on table [dbo].[auth_user_groups]
--
PRINT (N'Create index [auth_user_groups_user_id_group_id_94350c0c_uniq] on table [dbo].[auth_user_groups]')
GO
CREATE UNIQUE INDEX auth_user_groups_user_id_group_id_94350c0c_uniq
  ON dbo.auth_user_groups (user_id, group_id)
  WHERE ([user_id] IS NOT NULL AND [group_id] IS NOT NULL)
  ON [PRIMARY]
GO

--
-- Create table [dbo].[auth_group_permissions]
--
PRINT (N'Create table [dbo].[auth_group_permissions]')
GO
CREATE TABLE dbo.auth_group_permissions (
  id bigint IDENTITY,
  group_id int NOT NULL,
  permission_id int NOT NULL,
  PRIMARY KEY CLUSTERED (id)
)
ON [PRIMARY]
GO

--
-- Create index [auth_group_permissions_group_id_b120cbf9] on table [dbo].[auth_group_permissions]
--
PRINT (N'Create index [auth_group_permissions_group_id_b120cbf9] on table [dbo].[auth_group_permissions]')
GO
CREATE INDEX auth_group_permissions_group_id_b120cbf9
  ON dbo.auth_group_permissions (group_id)
  ON [PRIMARY]
GO

--
-- Create index [auth_group_permissions_group_id_permission_id_0cd325b0_uniq] on table [dbo].[auth_group_permissions]
--
PRINT (N'Create index [auth_group_permissions_group_id_permission_id_0cd325b0_uniq] on table [dbo].[auth_group_permissions]')
GO
CREATE UNIQUE INDEX auth_group_permissions_group_id_permission_id_0cd325b0_uniq
  ON dbo.auth_group_permissions (group_id, permission_id)
  WHERE ([group_id] IS NOT NULL AND [permission_id] IS NOT NULL)
  ON [PRIMARY]
GO

--
-- Create index [auth_group_permissions_permission_id_84c5c92e] on table [dbo].[auth_group_permissions]
--
PRINT (N'Create index [auth_group_permissions_permission_id_84c5c92e] on table [dbo].[auth_group_permissions]')
GO
CREATE INDEX auth_group_permissions_permission_id_84c5c92e
  ON dbo.auth_group_permissions (permission_id)
  ON [PRIMARY]
GO

-- 
-- Dumping data for table state
--
PRINT (N'Dumping data for table state')
INSERT dbo.state VALUES ('BROKEN', 'Сломан')
INSERT dbo.state VALUES ('CLOSED', 'Закрыт')
INSERT dbo.state VALUES ('DRAFT', 'Формируется')
INSERT dbo.state VALUES ('EXECUTED', 'Выполнен')
INSERT dbo.state VALUES ('IN_PRODUCTION', 'В производстве')
INSERT dbo.state VALUES ('REPAIRING', 'На ремонте')
INSERT dbo.state VALUES ('unknown', '')
INSERT dbo.state VALUES ('WAITING', 'Ожидание')
INSERT dbo.state VALUES ('WORKING', 'Используется')
GO

-- 
-- Dumping data for table request
--
PRINT (N'Dumping data for table request')
INSERT dbo.request VALUES (319, '2023-03-12-314', '2023-03-12 00:00:00.000', '', '2023-03-15 00:00:00.000', 'EXECUTED', 7, NULL)
INSERT dbo.request VALUES (320, '2023-03-12-315', '2023-03-12 00:00:00.000', '', '2023-03-14 00:00:00.000', 'EXECUTED', 11, NULL)
INSERT dbo.request VALUES (321, '2023-03-17-316', '2023-03-17 00:00:00.000', '', '2023-03-25 00:00:00.000', 'EXECUTED', 6, NULL)
INSERT dbo.request VALUES (322, '2023-03-17-317', '2023-03-17 00:00:00.000', '', '2023-03-22 00:00:00.000', 'EXECUTED', 18, NULL)
INSERT dbo.request VALUES (323, '2023-03-17-318', '2023-03-17 00:00:00.000', '', '2023-03-26 00:00:00.000', 'DRAFT', 19, NULL)
INSERT dbo.request VALUES (324, '2023-03-17-319', '2023-03-17 00:00:00.000', '', '2023-03-23 00:00:00.000', 'DRAFT', 1, NULL)
INSERT dbo.request VALUES (325, '2023-03-17-320', '2023-03-17 00:00:00.000', '', '2023-03-26 00:00:00.000', 'DRAFT', 2, NULL)
INSERT dbo.request VALUES (326, '2023-03-18-321', '2023-03-18 00:00:00.000', '', '2023-03-27 00:00:00.000', 'DRAFT', 10, NULL)
INSERT dbo.request VALUES (327, '2023-03-18-322', '2023-03-18 00:00:00.000', '', '2023-03-27 00:00:00.000', 'DRAFT', 6, NULL)
INSERT dbo.request VALUES (328, '2023-03-18-323', '2023-03-18 00:00:00.000', '', '2023-03-21 00:00:00.000', 'IN_PRODUCTION', 6, NULL)
INSERT dbo.request VALUES (329, '2023-03-18-324', '2023-03-18 00:00:00.000', '', '2023-03-19 00:00:00.000', 'EXECUTED', 20, NULL)
INSERT dbo.request VALUES (330, '2023-03-18-325', '2023-03-18 00:00:00.000', '', '2023-03-26 00:00:00.000', 'DRAFT', 4, NULL)
INSERT dbo.request VALUES (331, '2023-03-18-326', '2023-03-18 00:00:00.000', '', '2023-03-24 00:00:00.000', 'DRAFT', 18, NULL)
GO

-- 
-- Dumping data for table reports
--
PRINT (N'Dumping data for table reports')
-- Table AS2033.dbo.reports does not contain any data (it is empty)

-- 
-- Dumping data for table product
--
PRINT (N'Dumping data for table product')
INSERT dbo.product VALUES (4, 'ML28LT27', 'ФР28-ТК27', 28, 27)
INSERT dbo.product VALUES (5, 'ML57LT88', 'ФР57-ТК88', 57, 88)
INSERT dbo.product VALUES (6, 'ML96LT145', 'ФР96-ТК145', 96, 145)
INSERT dbo.product VALUES (7, 'ML105LT38', 'ФР105-ТК38', 105, 38)
INSERT dbo.product VALUES (8, 'ML105LT93', 'ФР105-ТК93', 105, 93)
INSERT dbo.product VALUES (9, 'ML21LT111', 'ФР21-ТК111', 21, 111)
INSERT dbo.product VALUES (10, 'ML29LT53', 'ФР29-ТК53', 29, 53)
INSERT dbo.product VALUES (25, 'ML53LT154', 'ФР53-ТК154', 53, 154)
INSERT dbo.product VALUES (26, 'ML106LT75', 'ФР106-ТК75', 106, 75)
INSERT dbo.product VALUES (27, 'ML66LT42', 'ФР66-ТК42', 66, 42)
INSERT dbo.product VALUES (28, 'ML114LT114', 'ФР114-ТК114', 114, 114)
INSERT dbo.product VALUES (29, 'ML39LT142', 'ФР39-ТК142', 39, 142)
INSERT dbo.product VALUES (30, 'ML35LT37', 'ФР35-ТК37', 35, 37)
INSERT dbo.product VALUES (31, 'ML46LT107', 'ФР46-ТК107', 46, 107)
INSERT dbo.product VALUES (32, 'ML79LT116', 'ФР79-ТК116', 79, 116)
INSERT dbo.product VALUES (33, 'ML115LT68', 'ФР115-ТК68', 115, 68)
INSERT dbo.product VALUES (34, 'ML86LT72', 'ФР86-ТК72', 86, 72)
INSERT dbo.product VALUES (35, 'ML99LT96', 'ФР99-ТК96', 99, 96)
INSERT dbo.product VALUES (36, 'ML73LT91', 'ФР73-ТК91', 73, 91)
INSERT dbo.product VALUES (37, 'ML50LT70', 'ФР50-ТК70', 50, 70)
INSERT dbo.product VALUES (38, 'ML25LT60', 'ФР25-ТК60', 25, 60)
INSERT dbo.product VALUES (39, 'ML46LT58', 'ФР46-ТК58', 46, 58)
INSERT dbo.product VALUES (40, 'ML81LT143', 'ФР81-ТК143', 81, 143)
INSERT dbo.product VALUES (41, 'ML80LT79', 'ФР80-ТК79', 80, 79)
INSERT dbo.product VALUES (42, 'ML108LT14', 'ФР108-ТК14', 108, 14)
INSERT dbo.product VALUES (43, 'ML117LT35', 'ФР117-ТК35', 117, 35)
INSERT dbo.product VALUES (44, 'ML27LT88', 'ФР27-ТК88', 27, 88)
INSERT dbo.product VALUES (45, 'ML47LT104', 'ФР47-ТК104', 47, 104)
INSERT dbo.product VALUES (46, 'ML70LT72', 'ФР70-ТК72', 70, 72)
INSERT dbo.product VALUES (47, 'ML43LT127', 'ФР43-ТК127', 43, 127)
INSERT dbo.product VALUES (48, 'ML52LT10', 'ФР52-ТК10', 52, 10)
INSERT dbo.product VALUES (68, 'ML36LT136', 'ФР36-ТК136', 36, 136)
INSERT dbo.product VALUES (69, 'ML101LT98', 'ФР101-ТК98', 101, 98)
INSERT dbo.product VALUES (70, 'ML38LT69', 'ФР38-ТК69', 38, 69)
INSERT dbo.product VALUES (71, 'ML93LT152', 'ФР93-ТК152', 93, 152)
INSERT dbo.product VALUES (72, 'ML69LT55', 'ФР69-ТК55', 69, 55)
INSERT dbo.product VALUES (73, 'ML107LT34', 'ФР107-ТК34', 107, 34)
INSERT dbo.product VALUES (74, 'ML34LT144', 'ФР34-ТК144', 34, 144)
INSERT dbo.product VALUES (75, 'ML32LT123', 'ФР32-ТК123', 32, 123)
INSERT dbo.product VALUES (76, 'ML116LT22', 'ФР116-ТК22', 116, 22)
INSERT dbo.product VALUES (77, 'ML77LT48', 'ФР77-ТК48', 77, 48)
INSERT dbo.product VALUES (82, 'ML71LT102', 'ФР71-ТК102', 71, 102)
INSERT dbo.product VALUES (83, 'ML84LT63', 'ФР84-ТК63', 84, 63)
INSERT dbo.product VALUES (84, 'ML112LT144', 'ФР112-ТК144', 112, 144)
INSERT dbo.product VALUES (85, 'ML71LT85', 'ФР71-ТК85', 71, 85)
INSERT dbo.product VALUES (86, 'ML41LT69', 'ФР41-ТК69', 41, 69)
INSERT dbo.product VALUES (87, 'ML114LT54', 'ФР114-ТК54', 114, 54)
INSERT dbo.product VALUES (88, 'ML22LT53', 'ФР22-ТК53', 22, 53)
INSERT dbo.product VALUES (89, 'ML47LT155', 'ФР47-ТК155', 47, 155)
INSERT dbo.product VALUES (90, 'ML35LT106', 'ФР35-ТК106', 35, 106)
INSERT dbo.product VALUES (91, 'ML57LT95', 'ФР57-ТК95', 57, 95)
INSERT dbo.product VALUES (92, 'ML39LT38', 'ФР39-ТК38', 39, 38)
INSERT dbo.product VALUES (93, 'ML32LT82', 'ФР32-ТК82', 32, 82)
INSERT dbo.product VALUES (94, 'ML114LT25', 'ФР114-ТК25', 114, 25)
INSERT dbo.product VALUES (95, 'ML25LT44', 'ФР25-ТК44', 25, 44)
INSERT dbo.product VALUES (96, 'ML42LT115', 'ФР42-ТК115', 42, 115)
INSERT dbo.product VALUES (97, 'ML83LT133', 'ФР83-ТК133', 83, 133)
INSERT dbo.product VALUES (98, 'ML79LT49', 'ФР79-ТК49', 79, 49)
INSERT dbo.product VALUES (99, 'ML57LT123', 'ФР57-ТК123', 57, 123)
INSERT dbo.product VALUES (100, 'ML109LT145', 'ФР109-ТК145', 109, 145)
INSERT dbo.product VALUES (101, 'ML73LT98', 'ФР73-ТК98', 73, 98)
INSERT dbo.product VALUES (102, 'ML88LT32', 'ФР88-ТК32', 88, 32)
INSERT dbo.product VALUES (103, 'ML54LT115', 'ФР54-ТК115', 54, 115)
INSERT dbo.product VALUES (104, 'ML37LT38', 'ФР37-ТК38', 37, 38)
INSERT dbo.product VALUES (105, 'ML117LT22', 'ФР117-ТК22', 117, 22)
INSERT dbo.product VALUES (106, 'ML35LT38', 'ФР35-ТК38', 35, 38)
INSERT dbo.product VALUES (107, 'ML24LT53', 'ФР24-ТК53', 24, 53)
INSERT dbo.product VALUES (108, 'ML36LT140', 'ФР36-ТК140', 36, 140)
INSERT dbo.product VALUES (109, 'ML40LT97', 'ФР40-ТК97', 40, 97)
INSERT dbo.product VALUES (110, 'ML79LT58', 'ФР79-ТК58', 79, 58)
INSERT dbo.product VALUES (111, 'ML84LT25', 'ФР84-ТК25', 84, 25)
INSERT dbo.product VALUES (112, 'ML29LT64', 'ФР29-ТК64', 29, 64)
INSERT dbo.product VALUES (113, 'ML44LT97', 'ФР44-ТК97', 44, 97)
INSERT dbo.product VALUES (114, 'ML46LT27', 'ФР46-ТК27', 46, 27)
INSERT dbo.product VALUES (115, 'ML55LT40', 'ФР55-ТК40', 55, 40)
INSERT dbo.product VALUES (116, 'ML95LT141', 'ФР95-ТК141', 95, 141)
INSERT dbo.product VALUES (117, 'ML84LT36', 'ФР84-ТК36', 84, 36)
INSERT dbo.product VALUES (118, 'ML39LT44', 'ФР39-ТК44', 39, 44)
INSERT dbo.product VALUES (119, 'ML44LT158', 'ФР44-ТК158', 44, 158)
INSERT dbo.product VALUES (120, 'ML99LT82', 'ФР99-ТК82', 99, 82)
INSERT dbo.product VALUES (121, 'ML105LT89', 'ФР105-ТК89', 105, 89)
INSERT dbo.product VALUES (122, 'ML62LT104', 'ФР62-ТК104', 62, 104)
INSERT dbo.product VALUES (123, 'ML43LT54', 'ФР43-ТК54', 43, 54)
INSERT dbo.product VALUES (124, 'ML95LT80', 'ФР95-ТК80', 95, 80)
INSERT dbo.product VALUES (125, 'ML109LT120', 'ФР109-ТК120', 109, 120)
INSERT dbo.product VALUES (126, 'ML82LT17', 'ФР82-ТК17', 82, 17)
INSERT dbo.product VALUES (127, 'ML96LT115', 'ФР96-ТК115', 96, 115)
INSERT dbo.product VALUES (128, 'ML79LT152', 'ФР79-ТК152', 79, 152)
INSERT dbo.product VALUES (129, 'ML40LT64', 'ФР40-ТК64', 40, 64)
INSERT dbo.product VALUES (130, 'ML39LT20', 'ФР39-ТК20', 39, 20)
INSERT dbo.product VALUES (131, 'ML90LT26', 'ФР90-ТК26', 90, 26)
INSERT dbo.product VALUES (132, 'ML87LT99', 'ФР87-ТК99', 87, 99)
INSERT dbo.product VALUES (133, 'ML111LT144', 'ФР111-ТК144', 111, 144)
INSERT dbo.product VALUES (134, 'ML26LT72', 'ФР26-ТК72', 26, 72)
INSERT dbo.product VALUES (135, 'ML107LT153', 'ФР107-ТК153', 107, 153)
INSERT dbo.product VALUES (136, 'ML114LT98', 'ФР114-ТК98', 114, 98)
INSERT dbo.product VALUES (137, 'ML118LT148', 'ФР118-ТК148', 118, 148)
INSERT dbo.product VALUES (138, 'ML65LT12', 'ФР65-ТК12', 65, 12)
INSERT dbo.product VALUES (139, 'ML80LT25', 'ФР80-ТК25', 80, 25)
INSERT dbo.product VALUES (140, 'ML105LT21', 'ФР105-ТК21', 105, 21)
INSERT dbo.product VALUES (141, 'ML86LT98', 'ФР86-ТК98', 86, 98)
INSERT dbo.product VALUES (142, 'ML112LT46', 'ФР112-ТК46', 112, 46)
INSERT dbo.product VALUES (143, 'ML112LT34', 'ФР112-ТК34', 112, 34)
INSERT dbo.product VALUES (144, 'ML95LT126', 'ФР95-ТК126', 95, 126)
INSERT dbo.product VALUES (145, 'ML70LT71', 'ФР70-ТК71', 70, 71)
INSERT dbo.product VALUES (146, 'ML74LT26', 'ФР74-ТК26', 74, 26)
INSERT dbo.product VALUES (147, 'ML63LT147', 'ФР63-ТК147', 63, 147)
INSERT dbo.product VALUES (148, 'ML86LT46', 'ФР86-ТК46', 86, 46)
INSERT dbo.product VALUES (149, 'ML21LT159', 'ФР21-ТК159', 21, 159)
INSERT dbo.product VALUES (150, 'ML27LT73', 'ФР27-ТК73', 27, 73)
INSERT dbo.product VALUES (151, 'ML25LT57', 'ФР25-ТК57', 25, 57)
INSERT dbo.product VALUES (152, 'ML41LT146', 'ФР41-ТК146', 41, 146)
INSERT dbo.product VALUES (153, 'ML55LT57', 'ФР55-ТК57', 55, 57)
INSERT dbo.product VALUES (154, 'ML59LT117', 'ФР59-ТК117', 59, 117)
INSERT dbo.product VALUES (155, 'ML60LT29', 'ФР60-ТК29', 60, 29)
INSERT dbo.product VALUES (156, 'ML31LT154', 'ФР31-ТК154', 31, 154)
INSERT dbo.product VALUES (157, 'ML61LT13', 'ФР61-ТК13', 61, 13)
INSERT dbo.product VALUES (158, 'ML25LT108', 'ФР25-ТК108', 25, 108)
INSERT dbo.product VALUES (159, 'ML98LT40', 'ФР98-ТК40', 98, 40)
INSERT dbo.product VALUES (160, 'ML103LT144', 'ФР103-ТК144', 103, 144)
INSERT dbo.product VALUES (161, 'ML90LT159', 'ФР90-ТК159', 90, 159)
INSERT dbo.product VALUES (162, 'ML107LT133', 'ФР107-ТК133', 107, 133)
INSERT dbo.product VALUES (163, 'ML26LT56', 'ФР26-ТК56', 26, 56)
INSERT dbo.product VALUES (164, 'ML80LT154', 'ФР80-ТК154', 80, 154)
INSERT dbo.product VALUES (165, 'ML56LT142', 'ФР56-ТК142', 56, 142)
INSERT dbo.product VALUES (166, 'ML49LT84', 'ФР49-ТК84', 49, 84)
INSERT dbo.product VALUES (167, 'ML66LT131', 'ФР66-ТК131', 66, 131)
INSERT dbo.product VALUES (168, 'ML93LT129', 'ФР93-ТК129', 93, 129)
INSERT dbo.product VALUES (169, 'ML92LT60', 'ФР92-ТК60', 92, 60)
INSERT dbo.product VALUES (170, 'ML119LT90', 'ФР119-ТК90', 119, 90)
INSERT dbo.product VALUES (171, 'ML74LT11', 'ФР74-ТК11', 74, 11)
INSERT dbo.product VALUES (172, 'ML28LT44', 'ФР28-ТК44', 28, 44)
INSERT dbo.product VALUES (173, 'ML38LT60', 'ФР38-ТК60', 38, 60)
INSERT dbo.product VALUES (174, 'ML113LT110', 'ФР113-ТК110', 113, 110)
INSERT dbo.product VALUES (175, 'ML27LT136', 'ФР27-ТК136', 27, 136)
INSERT dbo.product VALUES (176, 'ML43LT78', 'ФР43-ТК78', 43, 78)
INSERT dbo.product VALUES (177, 'ML108LT122', 'ФР108-ТК122', 108, 122)
INSERT dbo.product VALUES (178, 'ML71LT37', 'ФР71-ТК37', 71, 37)
INSERT dbo.product VALUES (179, 'ML81LT11', 'ФР81-ТК11', 81, 11)
INSERT dbo.product VALUES (180, 'ML91LT154', 'ФР91-ТК154', 91, 154)
INSERT dbo.product VALUES (181, 'ML51LT67', 'ФР51-ТК67', 51, 67)
INSERT dbo.product VALUES (182, 'ML68LT158', 'ФР68-ТК158', 68, 158)
INSERT dbo.product VALUES (183, 'ML32LT50', 'ФР32-ТК50', 32, 50)
INSERT dbo.product VALUES (184, 'ML31LT156', 'ФР31-ТК156', 31, 156)
INSERT dbo.product VALUES (185, 'ML99LT71', 'ФР99-ТК71', 99, 71)
INSERT dbo.product VALUES (186, 'ML88LT71', 'ФР88-ТК71', 88, 71)
INSERT dbo.product VALUES (187, 'ML63LT21', 'ФР63-ТК21', 63, 21)
INSERT dbo.product VALUES (188, 'ML73LT37', 'ФР73-ТК37', 73, 37)
INSERT dbo.product VALUES (189, 'ML24LT26', 'ФР24-ТК26', 24, 26)
INSERT dbo.product VALUES (190, 'ML114LT119', 'ФР114-ТК119', 114, 119)
INSERT dbo.product VALUES (191, 'ML80LT87', 'ФР80-ТК87', 80, 87)
INSERT dbo.product VALUES (192, 'ML32LT98', 'ФР32-ТК98', 32, 98)
INSERT dbo.product VALUES (193, 'ML66LT133', 'ФР66-ТК133', 66, 133)
INSERT dbo.product VALUES (194, 'ML80LT157', 'ФР80-ТК157', 80, 157)
INSERT dbo.product VALUES (195, 'ML73LT31', 'ФР73-ТК31', 73, 31)
INSERT dbo.product VALUES (196, 'ML116LT144', 'ФР116-ТК144', 116, 144)
INSERT dbo.product VALUES (197, 'ML41LT100', 'ФР41-ТК100', 41, 100)
INSERT dbo.product VALUES (198, 'ML99LT98', 'ФР99-ТК98', 99, 98)
INSERT dbo.product VALUES (199, 'ML117LT127', 'ФР117-ТК127', 117, 127)
INSERT dbo.product VALUES (200, 'ML35LT36', 'ФР35-ТК36', 35, 36)
INSERT dbo.product VALUES (201, 'ML98LT113', 'ФР98-ТК113', 98, 113)
INSERT dbo.product VALUES (202, 'ML87LT104', 'ФР87-ТК104', 87, 104)
INSERT dbo.product VALUES (203, 'ML41LT18', 'ФР41-ТК18', 41, 18)
INSERT dbo.product VALUES (204, 'ML57LT154', 'ФР57-ТК154', 57, 154)
INSERT dbo.product VALUES (205, 'ML46LT102', 'ФР46-ТК102', 46, 102)
INSERT dbo.product VALUES (206, 'ML22LT52', 'ФР22-ТК52', 22, 52)
INSERT dbo.product VALUES (207, 'ML112LT96', 'ФР112-ТК96', 112, 96)
INSERT dbo.product VALUES (208, 'ML20LT62', 'ФР20-ТК62', 20, 62)
INSERT dbo.product VALUES (209, 'ML32LT107', 'ФР32-ТК107', 32, 107)
INSERT dbo.product VALUES (210, 'ML107LT17', 'ФР107-ТК17', 107, 17)
INSERT dbo.product VALUES (211, 'ML84LT60', 'ФР84-ТК60', 84, 60)
INSERT dbo.product VALUES (212, 'ML23LT96', 'ФР23-ТК96', 23, 96)
INSERT dbo.product VALUES (213, 'ML60LT157', 'ФР60-ТК157', 60, 157)
INSERT dbo.product VALUES (214, 'ML94LT60', 'ФР94-ТК60', 94, 60)
INSERT dbo.product VALUES (215, 'ML107LT51', 'ФР107-ТК51', 107, 51)
INSERT dbo.product VALUES (216, 'ML66LT10', 'ФР66-ТК10', 66, 10)
INSERT dbo.product VALUES (217, 'ML70LT30', 'ФР70-ТК30', 70, 30)
INSERT dbo.product VALUES (218, 'ML46LT127', 'ФР46-ТК127', 46, 127)
INSERT dbo.product VALUES (219, 'ML34LT99', 'ФР34-ТК99', 34, 99)
INSERT dbo.product VALUES (220, 'ML85LT51', 'ФР85-ТК51', 85, 51)
INSERT dbo.product VALUES (221, 'ML112LT88', 'ФР112-ТК88', 112, 88)
INSERT dbo.product VALUES (222, 'ML95LT50', 'ФР95-ТК50', 95, 50)
INSERT dbo.product VALUES (223, 'ML91LT69', 'ФР91-ТК69', 91, 69)
INSERT dbo.product VALUES (224, 'ML25LT116', 'ФР25-ТК116', 25, 116)
INSERT dbo.product VALUES (225, 'ML74LT89', 'ФР74-ТК89', 74, 89)
INSERT dbo.product VALUES (226, 'ML40LT12', 'ФР40-ТК12', 40, 12)
INSERT dbo.product VALUES (227, 'ML23LT62', 'ФР23-ТК62', 23, 62)
INSERT dbo.product VALUES (228, 'ML95LT60', 'ФР95-ТК60', 95, 60)
INSERT dbo.product VALUES (229, 'ML63LT109', 'ФР63-ТК109', 63, 109)
INSERT dbo.product VALUES (230, 'ML25LT120', 'ФР25-ТК120', 25, 120)
INSERT dbo.product VALUES (231, 'ML53LT124', 'ФР53-ТК124', 53, 124)
INSERT dbo.product VALUES (232, 'ML39LT147', 'ФР39-ТК147', 39, 147)
INSERT dbo.product VALUES (233, 'ML91LT119', 'ФР91-ТК119', 91, 119)
INSERT dbo.product VALUES (234, 'ML69LT86', 'ФР69-ТК86', 69, 86)
INSERT dbo.product VALUES (235, 'ML107LT83', 'ФР107-ТК83', 107, 83)
INSERT dbo.product VALUES (236, 'ML33LT132', 'ФР33-ТК132', 33, 132)
INSERT dbo.product VALUES (237, 'ML102LT28', 'ФР102-ТК28', 102, 28)
INSERT dbo.product VALUES (238, 'ML98LT68', 'ФР98-ТК68', 98, 68)
INSERT dbo.product VALUES (239, 'ML76LT14', 'ФР76-ТК14', 76, 14)
INSERT dbo.product VALUES (240, 'ML118LT59', 'ФР118-ТК59', 118, 59)
INSERT dbo.product VALUES (241, 'ML70LT28', 'ФР70-ТК28', 70, 28)
INSERT dbo.product VALUES (242, 'ML97LT12', 'ФР97-ТК12', 97, 12)
INSERT dbo.product VALUES (243, 'ML110LT110', 'ФР110-ТК110', 110, 110)
INSERT dbo.product VALUES (244, 'ML24LT138', 'ФР24-ТК138', 24, 138)
INSERT dbo.product VALUES (245, 'ML31LT13', 'ФР31-ТК13', 31, 13)
INSERT dbo.product VALUES (246, 'ML119LT34', 'ФР119-ТК34', 119, 34)
INSERT dbo.product VALUES (247, 'ML31LT119', 'ФР31-ТК119', 31, 119)
INSERT dbo.product VALUES (248, 'ML62LT43', 'ФР62-ТК43', 62, 43)
INSERT dbo.product VALUES (249, 'ML20LT115', 'ФР20-ТК115', 20, 115)
INSERT dbo.product VALUES (250, 'ML101LT10', 'ФР101-ТК10', 101, 10)
INSERT dbo.product VALUES (251, 'ML113LT70', 'ФР113-ТК70', 113, 70)
INSERT dbo.product VALUES (252, 'ML100LT50', 'ФР100-ТК50', 100, 50)
INSERT dbo.product VALUES (253, 'ML61LT90', 'ФР61-ТК90', 61, 90)
INSERT dbo.product VALUES (254, 'ML32LT58', 'ФР32-ТК58', 32, 58)
INSERT dbo.product VALUES (255, 'ML53LT25', 'ФР53-ТК25', 53, 25)
INSERT dbo.product VALUES (256, 'ML21LT107', 'ФР21-ТК107', 21, 107)
INSERT dbo.product VALUES (257, 'ML105LT83', 'ФР105-ТК83', 105, 83)
INSERT dbo.product VALUES (258, 'ML63LT89', 'ФР63-ТК89', 63, 89)
INSERT dbo.product VALUES (259, 'ML109LT142', 'ФР109-ТК142', 109, 142)
INSERT dbo.product VALUES (260, 'ML21LT96', 'ФР21-ТК96', 21, 96)
INSERT dbo.product VALUES (261, 'ML108LT53', 'ФР108-ТК53', 108, 53)
INSERT dbo.product VALUES (262, 'ML87LT79', 'ФР87-ТК79', 87, 79)
INSERT dbo.product VALUES (263, 'ML82LT149', 'ФР82-ТК149', 82, 149)
INSERT dbo.product VALUES (264, 'ML63LT103', 'ФР63-ТК103', 63, 103)
INSERT dbo.product VALUES (265, 'ML76LT98', 'ФР76-ТК98', 76, 98)
INSERT dbo.product VALUES (266, 'ML111LT66', 'ФР111-ТК66', 111, 66)
INSERT dbo.product VALUES (267, 'ML95LT27', 'ФР95-ТК27', 95, 27)
INSERT dbo.product VALUES (268, 'ML97LT122', 'ФР97-ТК122', 97, 122)
INSERT dbo.product VALUES (269, 'ML74LT115', 'ФР74-ТК115', 74, 115)
INSERT dbo.product VALUES (270, 'ML64LT63', 'ФР64-ТК63', 64, 63)
INSERT dbo.product VALUES (271, 'ML92LT34', 'ФР92-ТК34', 92, 34)
INSERT dbo.product VALUES (272, 'ML71LT74', 'ФР71-ТК74', 71, 74)
INSERT dbo.product VALUES (273, 'ML69LT155', 'ФР69-ТК155', 69, 155)
INSERT dbo.product VALUES (274, 'ML37LT66', 'ФР37-ТК66', 37, 66)
INSERT dbo.product VALUES (275, 'ML21LT101', 'ФР21-ТК101', 21, 101)
INSERT dbo.product VALUES (276, 'ML29LT92', 'ФР29-ТК92', 29, 92)
INSERT dbo.product VALUES (277, 'ML24LT10', 'ФР24-ТК10', 24, 10)
INSERT dbo.product VALUES (278, 'ML92LT111', 'ФР92-ТК111', 92, 111)
INSERT dbo.product VALUES (279, 'ML85LT97', 'ФР85-ТК97', 85, 97)
INSERT dbo.product VALUES (280, 'ML61LT65', 'ФР61-ТК65', 61, 65)
INSERT dbo.product VALUES (281, 'ML27LT137', 'ФР27-ТК137', 27, 137)
INSERT dbo.product VALUES (282, 'ML69LT32', 'ФР69-ТК32', 69, 32)
INSERT dbo.product VALUES (283, 'ML68LT56', 'ФР68-ТК56', 68, 56)
INSERT dbo.product VALUES (284, 'ML41LT37', 'ФР41-ТК37', 41, 37)
INSERT dbo.product VALUES (285, 'ML81LT89', 'ФР81-ТК89', 81, 89)
INSERT dbo.product VALUES (286, 'ML86LT156', 'ФР86-ТК156', 86, 156)
INSERT dbo.product VALUES (287, 'ML58LT78', 'ФР58-ТК78', 58, 78)
INSERT dbo.product VALUES (288, 'ML107LT77', 'ФР107-ТК77', 107, 77)
INSERT dbo.product VALUES (289, 'ML31LT23', 'ФР31-ТК23', 31, 23)
INSERT dbo.product VALUES (290, 'ML32LT115', 'ФР32-ТК115', 32, 115)
INSERT dbo.product VALUES (291, 'ML96LT135', 'ФР96-ТК135', 96, 135)
INSERT dbo.product VALUES (292, 'ML94LT53', 'ФР94-ТК53', 94, 53)
INSERT dbo.product VALUES (293, 'ML70LT67', 'ФР70-ТК67', 70, 67)
INSERT dbo.product VALUES (294, 'ML64LT37', 'ФР64-ТК37', 64, 37)
INSERT dbo.product VALUES (295, 'ML27LT148', 'ФР27-ТК148', 27, 148)
INSERT dbo.product VALUES (296, 'ML50LT97', 'ФР50-ТК97', 50, 97)
INSERT dbo.product VALUES (297, 'ML75LT48', 'ФР75-ТК48', 75, 48)
INSERT dbo.product VALUES (298, 'ML64LT28', 'ФР64-ТК28', 64, 28)
INSERT dbo.product VALUES (299, 'ML77LT62', 'ФР77-ТК62', 77, 62)
INSERT dbo.product VALUES (300, 'ML70LT143', 'ФР70-ТК143', 70, 143)
INSERT dbo.product VALUES (301, 'ML101LT87', 'ФР101-ТК87', 101, 87)
INSERT dbo.product VALUES (302, 'ML69LT90', 'ФР69-ТК90', 69, 90)
INSERT dbo.product VALUES (303, 'ML112LT93', 'ФР112-ТК93', 112, 93)
INSERT dbo.product VALUES (304, 'ML104LT120', 'ФР104-ТК120', 104, 120)
INSERT dbo.product VALUES (305, 'ML22LT73', 'ФР22-ТК73', 22, 73)
INSERT dbo.product VALUES (306, 'ML60LT128', 'ФР60-ТК128', 60, 128)
INSERT dbo.product VALUES (307, 'ML114LT132', 'ФР114-ТК132', 114, 132)
INSERT dbo.product VALUES (308, 'ML59LT90', 'ФР59-ТК90', 59, 90)
INSERT dbo.product VALUES (309, 'ML111LT29', 'ФР111-ТК29', 111, 29)
INSERT dbo.product VALUES (310, 'ML113LT31', 'ФР113-ТК31', 113, 31)
INSERT dbo.product VALUES (311, 'ML111LT32', 'ФР111-ТК32', 111, 32)
INSERT dbo.product VALUES (312, 'ML100LT104', 'ФР100-ТК104', 100, 104)
INSERT dbo.product VALUES (313, 'ML115LT152', 'ФР115-ТК152', 115, 152)
INSERT dbo.product VALUES (314, 'ML93LT21', 'ФР93-ТК21', 93, 21)
INSERT dbo.product VALUES (315, 'ML117LT108', 'ФР117-ТК108', 117, 108)
INSERT dbo.product VALUES (316, 'ML103LT151', 'ФР103-ТК151', 103, 151)
INSERT dbo.product VALUES (317, 'ML53LT10', 'ФР53-ТК10', 53, 10)
INSERT dbo.product VALUES (318, 'ML22LT13', 'ФР22-ТК13', 22, 13)
INSERT dbo.product VALUES (319, 'ML66LT44', 'ФР66-ТК44', 66, 44)
INSERT dbo.product VALUES (320, 'ML77LT18', 'ФР77-ТК18', 77, 18)
INSERT dbo.product VALUES (321, 'ML76LT35', 'ФР76-ТК35', 76, 35)
INSERT dbo.product VALUES (322, 'ML116LT92', 'ФР116-ТК92', 116, 92)
INSERT dbo.product VALUES (323, 'ML59LT72', 'ФР59-ТК72', 59, 72)
INSERT dbo.product VALUES (324, 'ML106LT113', 'ФР106-ТК113', 106, 113)
INSERT dbo.product VALUES (325, 'ML22LT125', 'ФР22-ТК125', 22, 125)
INSERT dbo.product VALUES (326, 'ML109LT49', 'ФР109-ТК49', 109, 49)
INSERT dbo.product VALUES (327, 'ML60LT125', 'ФР60-ТК125', 60, 125)
INSERT dbo.product VALUES (328, 'ML38LT80', 'ФР38-ТК80', 38, 80)
INSERT dbo.product VALUES (329, 'ML27LT42', 'ФР27-ТК42', 27, 42)
INSERT dbo.product VALUES (330, 'ML69LT88', 'ФР69-ТК88', 69, 88)
INSERT dbo.product VALUES (331, 'ML77LT10', 'ФР77-ТК10', 77, 10)
INSERT dbo.product VALUES (332, 'ML52LT43', 'ФР52-ТК43', 52, 43)
INSERT dbo.product VALUES (333, 'ML100LT121', 'ФР100-ТК121', 100, 121)
INSERT dbo.product VALUES (334, 'ML118LT31', 'ФР118-ТК31', 118, 31)
INSERT dbo.product VALUES (335, 'ML46LT140', 'ФР46-ТК140', 46, 140)
INSERT dbo.product VALUES (336, 'ML78LT138', 'ФР78-ТК138', 78, 138)
INSERT dbo.product VALUES (337, 'ML65LT30', 'ФР65-ТК30', 65, 30)
INSERT dbo.product VALUES (338, 'ML119LT131', 'ФР119-ТК131', 119, 131)
INSERT dbo.product VALUES (339, 'ML22LT30', 'ФР22-ТК30', 22, 30)
INSERT dbo.product VALUES (340, 'ML97LT132', 'ФР97-ТК132', 97, 132)
INSERT dbo.product VALUES (341, 'ML32LT137', 'ФР32-ТК137', 32, 137)
INSERT dbo.product VALUES (342, 'ML53LT54', 'ФР53-ТК54', 53, 54)
INSERT dbo.product VALUES (343, 'ML63LT54', 'ФР63-ТК54', 63, 54)
INSERT dbo.product VALUES (344, 'ML46LT154', 'ФР46-ТК154', 46, 154)
INSERT dbo.product VALUES (345, 'ML82LT133', 'ФР82-ТК133', 82, 133)
INSERT dbo.product VALUES (346, 'ML59LT143', 'ФР59-ТК143', 59, 143)
INSERT dbo.product VALUES (347, 'ML105LT102', 'ФР105-ТК102', 105, 102)
INSERT dbo.product VALUES (348, 'ML41LT102', 'ФР41-ТК102', 41, 102)
INSERT dbo.product VALUES (349, 'ML95LT53', 'ФР95-ТК53', 95, 53)
INSERT dbo.product VALUES (350, 'ML62LT68', 'ФР62-ТК68', 62, 68)
INSERT dbo.product VALUES (351, 'ML112LT33', 'ФР112-ТК33', 112, 33)
INSERT dbo.product VALUES (352, 'ML22LT62', 'ФР22-ТК62', 22, 62)
INSERT dbo.product VALUES (353, 'ML68LT87', 'ФР68-ТК87', 68, 87)
INSERT dbo.product VALUES (354, 'ML41LT72', 'ФР41-ТК72', 41, 72)
INSERT dbo.product VALUES (355, 'ML54LT62', 'ФР54-ТК62', 54, 62)
INSERT dbo.product VALUES (356, 'ML43LT135', 'ФР43-ТК135', 43, 135)
INSERT dbo.product VALUES (357, 'ML71LT155', 'ФР71-ТК155', 71, 155)
INSERT dbo.product VALUES (358, 'ML48LT43', 'ФР48-ТК43', 48, 43)
INSERT dbo.product VALUES (359, 'ML47LT71', 'ФР47-ТК71', 47, 71)
INSERT dbo.product VALUES (360, 'ML47LT91', 'ФР47-ТК91', 47, 91)
INSERT dbo.product VALUES (361, 'ML99LT91', 'ФР99-ТК91', 99, 91)
INSERT dbo.product VALUES (362, 'ML21LT36', 'ФР21-ТК36', 21, 36)
INSERT dbo.product VALUES (363, 'ML85LT33', 'ФР85-ТК33', 85, 33)
INSERT dbo.product VALUES (364, 'ML52LT99', 'ФР52-ТК99', 52, 99)
INSERT dbo.product VALUES (365, 'ML93LT37', 'ФР93-ТК37', 93, 37)
INSERT dbo.product VALUES (366, 'ML84LT131', 'ФР84-ТК131', 84, 131)
INSERT dbo.product VALUES (367, 'ML66LT79', 'ФР66-ТК79', 66, 79)
INSERT dbo.product VALUES (368, 'ML34LT94', 'ФР34-ТК94', 34, 94)
INSERT dbo.product VALUES (369, 'ML20LT31', 'ФР20-ТК31', 20, 31)
INSERT dbo.product VALUES (370, 'ML91LT96', 'ФР91-ТК96', 91, 96)
INSERT dbo.product VALUES (371, 'ML101LT43', 'ФР101-ТК43', 101, 43)
INSERT dbo.product VALUES (372, 'ML55LT157', 'ФР55-ТК157', 55, 157)
INSERT dbo.product VALUES (373, 'ML106LT77', 'ФР106-ТК77', 106, 77)
INSERT dbo.product VALUES (374, 'ML82LT71', 'ФР82-ТК71', 82, 71)
INSERT dbo.product VALUES (375, 'ML30LT75', 'ФР30-ТК75', 30, 75)
INSERT dbo.product VALUES (376, 'ML96LT50', 'ФР96-ТК50', 96, 50)
INSERT dbo.product VALUES (377, 'ML101LT135', 'ФР101-ТК135', 101, 135)
INSERT dbo.product VALUES (378, 'ML31LT120', 'ФР31-ТК120', 31, 120)
INSERT dbo.product VALUES (379, 'ML114LT32', 'ФР114-ТК32', 114, 32)
INSERT dbo.product VALUES (380, 'ML36LT124', 'ФР36-ТК124', 36, 124)
INSERT dbo.product VALUES (381, 'ML75LT30', 'ФР75-ТК30', 75, 30)
INSERT dbo.product VALUES (382, 'ML81LT37', 'ФР81-ТК37', 81, 37)
INSERT dbo.product VALUES (383, 'ML114LT43', 'ФР114-ТК43', 114, 43)
INSERT dbo.product VALUES (384, 'ML79LT110', 'ФР79-ТК110', 79, 110)
INSERT dbo.product VALUES (385, 'ML71LT154', 'ФР71-ТК154', 71, 154)
INSERT dbo.product VALUES (386, 'ML106LT55', 'ФР106-ТК55', 106, 55)
INSERT dbo.product VALUES (387, 'ML59LT53', 'ФР59-ТК53', 59, 53)
INSERT dbo.product VALUES (388, 'ML99LT130', 'ФР99-ТК130', 99, 130)
INSERT dbo.product VALUES (389, 'ML103LT155', 'ФР103-ТК155', 103, 155)
INSERT dbo.product VALUES (390, 'ML84LT35', 'ФР84-ТК35', 84, 35)
INSERT dbo.product VALUES (391, 'ML86LT91', 'ФР86-ТК91', 86, 91)
INSERT dbo.product VALUES (392, 'ML40LT65', 'ФР40-ТК65', 40, 65)
INSERT dbo.product VALUES (393, 'ML43LT139', 'ФР43-ТК139', 43, 139)
INSERT dbo.product VALUES (394, 'ML46LT109', 'ФР46-ТК109', 46, 109)
INSERT dbo.product VALUES (395, 'ML32LT25', 'ФР32-ТК25', 32, 25)
INSERT dbo.product VALUES (396, 'ML78LT157', 'ФР78-ТК157', 78, 157)
INSERT dbo.product VALUES (397, 'ML32LT159', 'ФР32-ТК159', 32, 159)
INSERT dbo.product VALUES (398, 'ML118LT20', 'ФР118-ТК20', 118, 20)
INSERT dbo.product VALUES (399, 'ML24LT30', 'ФР24-ТК30', 24, 30)
INSERT dbo.product VALUES (400, 'ML61LT60', 'ФР61-ТК60', 61, 60)
INSERT dbo.product VALUES (401, 'ML119LT45', 'ФР119-ТК45', 119, 45)
INSERT dbo.product VALUES (402, 'ML45LT136', 'ФР45-ТК136', 45, 136)
INSERT dbo.product VALUES (403, 'ML69LT132', 'ФР69-ТК132', 69, 132)
INSERT dbo.product VALUES (404, 'ML100LT109', 'ФР100-ТК109', 100, 109)
INSERT dbo.product VALUES (405, 'ML38LT75', 'ФР38-ТК75', 38, 75)
INSERT dbo.product VALUES (406, 'ML92LT141', 'ФР92-ТК141', 92, 141)
INSERT dbo.product VALUES (407, 'ML70LT120', 'ФР70-ТК120', 70, 120)
INSERT dbo.product VALUES (408, 'ML78LT28', 'ФР78-ТК28', 78, 28)
INSERT dbo.product VALUES (409, 'ML67LT125', 'ФР67-ТК125', 67, 125)
INSERT dbo.product VALUES (410, 'ML40LT69', 'ФР40-ТК69', 40, 69)
INSERT dbo.product VALUES (411, 'ML36LT92', 'ФР36-ТК92', 36, 92)
INSERT dbo.product VALUES (412, 'ML62LT98', 'ФР62-ТК98', 62, 98)
INSERT dbo.product VALUES (413, 'ML88LT48', 'ФР88-ТК48', 88, 48)
INSERT dbo.product VALUES (414, 'ML82LT96', 'ФР82-ТК96', 82, 96)
INSERT dbo.product VALUES (415, 'ML61LT32', 'ФР61-ТК32', 61, 32)
INSERT dbo.product VALUES (416, 'ML85LT149', 'ФР85-ТК149', 85, 149)
INSERT dbo.product VALUES (417, 'ML73LT47', 'ФР73-ТК47', 73, 47)
INSERT dbo.product VALUES (418, 'ML66LT18', 'ФР66-ТК18', 66, 18)
INSERT dbo.product VALUES (419, 'ML29LT138', 'ФР29-ТК138', 29, 138)
INSERT dbo.product VALUES (420, 'ML75LT59', 'ФР75-ТК59', 75, 59)
INSERT dbo.product VALUES (421, 'ML60LT153', 'ФР60-ТК153', 60, 153)
INSERT dbo.product VALUES (422, 'ML41LT101', 'ФР41-ТК101', 41, 101)
INSERT dbo.product VALUES (423, 'ML71LT96', 'ФР71-ТК96', 71, 96)
INSERT dbo.product VALUES (424, 'ML71LT71', 'ФР71-ТК71', 71, 71)
INSERT dbo.product VALUES (425, 'ML99LT24', 'ФР99-ТК24', 99, 24)
INSERT dbo.product VALUES (426, 'ML43LT158', 'ФР43-ТК158', 43, 158)
INSERT dbo.product VALUES (427, 'ML53LT110', 'ФР53-ТК110', 53, 110)
INSERT dbo.product VALUES (428, 'ML86LT41', 'ФР86-ТК41', 86, 41)
INSERT dbo.product VALUES (429, 'ML41LT76', 'ФР41-ТК76', 41, 76)
INSERT dbo.product VALUES (430, 'ML41LT147', 'ФР41-ТК147', 41, 147)
INSERT dbo.product VALUES (431, 'ML117LT40', 'ФР117-ТК40', 117, 40)
INSERT dbo.product VALUES (432, 'ML21LT147', 'ФР21-ТК147', 21, 147)
INSERT dbo.product VALUES (433, 'ML103LT125', 'ФР103-ТК125', 103, 125)
INSERT dbo.product VALUES (434, 'ML99LT48', 'ФР99-ТК48', 99, 48)
INSERT dbo.product VALUES (435, 'ML87LT13', 'ФР87-ТК13', 87, 13)
INSERT dbo.product VALUES (436, 'ML118LT117', 'ФР118-ТК117', 118, 117)
INSERT dbo.product VALUES (437, 'ML104LT150', 'ФР104-ТК150', 104, 150)
INSERT dbo.product VALUES (438, 'ML89LT119', 'ФР89-ТК119', 89, 119)
INSERT dbo.product VALUES (439, 'ML112LT133', 'ФР112-ТК133', 112, 133)
INSERT dbo.product VALUES (440, 'ML107LT47', 'ФР107-ТК47', 107, 47)
INSERT dbo.product VALUES (441, 'ML94LT117', 'ФР94-ТК117', 94, 117)
INSERT dbo.product VALUES (442, 'ML61LT58', 'ФР61-ТК58', 61, 58)
INSERT dbo.product VALUES (443, 'ML94LT129', 'ФР94-ТК129', 94, 129)
INSERT dbo.product VALUES (444, 'ML62LT62', 'ФР62-ТК62', 62, 62)
INSERT dbo.product VALUES (445, 'ML39LT151', 'ФР39-ТК151', 39, 151)
INSERT dbo.product VALUES (446, 'ML91LT26', 'ФР91-ТК26', 91, 26)
INSERT dbo.product VALUES (447, 'ML80LT16', 'ФР80-ТК16', 80, 16)
INSERT dbo.product VALUES (448, 'ML104LT49', 'ФР104-ТК49', 104, 49)
INSERT dbo.product VALUES (449, 'ML76LT107', 'ФР76-ТК107', 76, 107)
INSERT dbo.product VALUES (450, 'ML92LT149', 'ФР92-ТК149', 92, 149)
INSERT dbo.product VALUES (451, 'ML69LT107', 'ФР69-ТК107', 69, 107)
INSERT dbo.product VALUES (452, 'ML61LT138', 'ФР61-ТК138', 61, 138)
INSERT dbo.product VALUES (453, 'ML61LT53', 'ФР61-ТК53', 61, 53)
INSERT dbo.product VALUES (454, 'ML61LT38', 'ФР61-ТК38', 61, 38)
INSERT dbo.product VALUES (455, 'ML93LT51', 'ФР93-ТК51', 93, 51)
INSERT dbo.product VALUES (456, 'ML55LT127', 'ФР55-ТК127', 55, 127)
INSERT dbo.product VALUES (457, 'ML97LT157', 'ФР97-ТК157', 97, 157)
INSERT dbo.product VALUES (458, 'ML63LT136', 'ФР63-ТК136', 63, 136)
INSERT dbo.product VALUES (459, 'ML45LT124', 'ФР45-ТК124', 45, 124)
INSERT dbo.product VALUES (460, 'ML78LT104', 'ФР78-ТК104', 78, 104)
INSERT dbo.product VALUES (461, 'ML113LT91', 'ФР113-ТК91', 113, 91)
INSERT dbo.product VALUES (462, 'ML22LT102', 'ФР22-ТК102', 22, 102)
INSERT dbo.product VALUES (463, 'ML69LT131', 'ФР69-ТК131', 69, 131)
INSERT dbo.product VALUES (464, 'ML74LT42', 'ФР74-ТК42', 74, 42)
INSERT dbo.product VALUES (465, 'ML94LT72', 'ФР94-ТК72', 94, 72)
INSERT dbo.product VALUES (474, 'ML60LT132', 'ФР60-ТК132', 60, 132)
INSERT dbo.product VALUES (475, 'ML34LT67', 'ФР34-ТК67', 34, 67)
INSERT dbo.product VALUES (476, 'ML46LT112', 'ФР46-ТК112', 46, 112)
INSERT dbo.product VALUES (477, 'ML29LT106', 'ФР29-ТК106', 29, 106)
INSERT dbo.product VALUES (478, 'ML57LT76', 'ФР57-ТК76', 57, 76)
INSERT dbo.product VALUES (479, 'ML119LT57', 'ФР119-ТК57', 119, 57)
INSERT dbo.product VALUES (480, 'ML115LT81', 'ФР115-ТК81', 115, 81)
INSERT dbo.product VALUES (481, 'ML84LT143', 'ФР84-ТК143', 84, 143)
INSERT dbo.product VALUES (482, 'ML77LT118', 'ФР77-ТК118', 77, 118)
INSERT dbo.product VALUES (483, 'ML40LT139', 'ФР40-ТК139', 40, 139)
INSERT dbo.product VALUES (484, 'ML104LT144', 'ФР104-ТК144', 104, 144)
INSERT dbo.product VALUES (485, 'ML114LT22', 'ФР114-ТК22', 114, 22)
INSERT dbo.product VALUES (486, 'ML97LT17', 'ФР97-ТК17', 97, 17)
INSERT dbo.product VALUES (487, 'ML63LT156', 'ФР63-ТК156', 63, 156)
INSERT dbo.product VALUES (488, 'ML66LT117', 'ФР66-ТК117', 66, 117)
INSERT dbo.product VALUES (489, 'ML28LT42', 'ФР28-ТК42', 28, 42)
INSERT dbo.product VALUES (490, 'ML57LT24', 'ФР57-ТК24', 57, 24)
INSERT dbo.product VALUES (491, 'ML84LT87', 'ФР84-ТК87', 84, 87)
INSERT dbo.product VALUES (492, 'ML57LT101', 'ФР57-ТК101', 57, 101)
INSERT dbo.product VALUES (493, 'ML31LT99', 'ФР31-ТК99', 31, 99)
INSERT dbo.product VALUES (494, 'ML79LT51', 'ФР79-ТК51', 79, 51)
INSERT dbo.product VALUES (495, 'ML91LT52', 'ФР91-ТК52', 91, 52)
INSERT dbo.product VALUES (496, 'ML66LT97', 'ФР66-ТК97', 66, 97)
INSERT dbo.product VALUES (497, 'ML49LT58', 'ФР49-ТК58', 49, 58)
INSERT dbo.product VALUES (498, 'ML119LT157', 'ФР119-ТК157', 119, 157)
INSERT dbo.product VALUES (499, 'ML62LT74', 'ФР62-ТК74', 62, 74)
INSERT dbo.product VALUES (500, 'ML114LT24', 'ФР114-ТК24', 114, 24)
INSERT dbo.product VALUES (501, 'ML36LT152', 'ФР36-ТК152', 36, 152)
INSERT dbo.product VALUES (502, 'ML36LT69', 'ФР36-ТК69', 36, 69)
INSERT dbo.product VALUES (503, 'ML53LT33', 'ФР53-ТК33', 53, 33)
INSERT dbo.product VALUES (504, 'ML54LT38', 'ФР54-ТК38', 54, 38)
INSERT dbo.product VALUES (505, 'ML112LT83', 'ФР112-ТК83', 112, 83)
INSERT dbo.product VALUES (506, 'ML71LT83', 'ФР71-ТК83', 71, 83)
INSERT dbo.product VALUES (507, 'ML24LT35', 'ФР24-ТК35', 24, 35)
INSERT dbo.product VALUES (508, 'ML27LT45', 'ФР27-ТК45', 27, 45)
INSERT dbo.product VALUES (509, 'ML25LT147', 'ФР25-ТК147', 25, 147)
INSERT dbo.product VALUES (510, 'ML78LT65', 'ФР78-ТК65', 78, 65)
INSERT dbo.product VALUES (511, 'ML58LT69', 'ФР58-ТК69', 58, 69)
INSERT dbo.product VALUES (512, 'ML33LT133', 'ФР33-ТК133', 33, 133)
INSERT dbo.product VALUES (513, 'ML48LT60', 'ФР48-ТК60', 48, 60)
INSERT dbo.product VALUES (514, 'ML46LT66', 'ФР46-ТК66', 46, 66)
INSERT dbo.product VALUES (515, 'ML37LT71', 'ФР37-ТК71', 37, 71)
INSERT dbo.product VALUES (516, 'ML95LT59', 'ФР95-ТК59', 95, 59)
INSERT dbo.product VALUES (517, 'ML47LT142', 'ФР47-ТК142', 47, 142)
INSERT dbo.product VALUES (518, 'ML85LT14', 'ФР85-ТК14', 85, 14)
INSERT dbo.product VALUES (519, 'ML101LT139', 'ФР101-ТК139', 101, 139)
INSERT dbo.product VALUES (520, 'ML60LT101', 'ФР60-ТК101', 60, 101)
INSERT dbo.product VALUES (521, 'ML97LT83', 'ФР97-ТК83', 97, 83)
INSERT dbo.product VALUES (522, 'ML105LT155', 'ФР105-ТК155', 105, 155)
INSERT dbo.product VALUES (523, 'ML59LT76', 'ФР59-ТК76', 59, 76)
INSERT dbo.product VALUES (524, 'ML20LT98', 'ФР20-ТК98', 20, 98)
INSERT dbo.product VALUES (525, 'ML59LT80', 'ФР59-ТК80', 59, 80)
INSERT dbo.product VALUES (526, 'ML34LT122', 'ФР34-ТК122', 34, 122)
INSERT dbo.product VALUES (527, 'ML76LT102', 'ФР76-ТК102', 76, 102)
INSERT dbo.product VALUES (528, 'ML109LT86', 'ФР109-ТК86', 109, 86)
INSERT dbo.product VALUES (529, 'ML103LT148', 'ФР103-ТК148', 103, 148)
INSERT dbo.product VALUES (530, 'ML79LT140', 'ФР79-ТК140', 79, 140)
INSERT dbo.product VALUES (531, 'ML32LT131', 'ФР32-ТК131', 32, 131)
INSERT dbo.product VALUES (532, 'ML65LT99', 'ФР65-ТК99', 65, 99)
INSERT dbo.product VALUES (533, 'ML87LT47', 'ФР87-ТК47', 87, 47)
INSERT dbo.product VALUES (534, 'ML55LT34', 'ФР55-ТК34', 55, 34)
INSERT dbo.product VALUES (535, 'ML35LT31', 'ФР35-ТК31', 35, 31)
INSERT dbo.product VALUES (536, 'ML47LT76', 'ФР47-ТК76', 47, 76)
INSERT dbo.product VALUES (537, 'ML67LT53', 'ФР67-ТК53', 67, 53)
INSERT dbo.product VALUES (538, 'ML61LT67', 'ФР61-ТК67', 61, 67)
INSERT dbo.product VALUES (539, 'ML75LT36', 'ФР75-ТК36', 75, 36)
INSERT dbo.product VALUES (540, 'ML59LT88', 'ФР59-ТК88', 59, 88)
INSERT dbo.product VALUES (541, 'ML20LT113', 'ФР20-ТК113', 20, 113)
INSERT dbo.product VALUES (542, 'ML89LT23', 'ФР89-ТК23', 89, 23)
INSERT dbo.product VALUES (543, 'ML105LT136', 'ФР105-ТК136', 105, 136)
INSERT dbo.product VALUES (544, 'ML41LT73', 'ФР41-ТК73', 41, 73)
INSERT dbo.product VALUES (545, 'ML86LT21', 'ФР86-ТК21', 86, 21)
INSERT dbo.product VALUES (546, 'ML25LT55', 'ФР25-ТК55', 25, 55)
INSERT dbo.product VALUES (547, 'ML49LT133', 'ФР49-ТК133', 49, 133)
INSERT dbo.product VALUES (548, 'ML87LT14', 'ФР87-ТК14', 87, 14)
INSERT dbo.product VALUES (549, 'ML119LT113', 'ФР119-ТК113', 119, 113)
INSERT dbo.product VALUES (550, 'ML115LT120', 'ФР115-ТК120', 115, 120)
INSERT dbo.product VALUES (551, 'ML119LT56', 'ФР119-ТК56', 119, 56)
INSERT dbo.product VALUES (552, 'ML74LT22', 'ФР74-ТК22', 74, 22)
INSERT dbo.product VALUES (553, 'ML20LT116', 'ФР20-ТК116', 20, 116)
INSERT dbo.product VALUES (554, 'ML107LT140', 'ФР107-ТК140', 107, 140)
INSERT dbo.product VALUES (555, 'ML113LT42', 'ФР113-ТК42', 113, 42)
INSERT dbo.product VALUES (556, 'ML49LT37', 'ФР49-ТК37', 49, 37)
INSERT dbo.product VALUES (557, 'ML117LT48', 'ФР117-ТК48', 117, 48)
INSERT dbo.product VALUES (558, 'ML28LT99', 'ФР28-ТК99', 28, 99)
INSERT dbo.product VALUES (559, 'ML73LT88', 'ФР73-ТК88', 73, 88)
INSERT dbo.product VALUES (560, 'ML56LT102', 'ФР56-ТК102', 56, 102)
INSERT dbo.product VALUES (561, 'ML44LT152', 'ФР44-ТК152', 44, 152)
INSERT dbo.product VALUES (562, 'ML94LT90', 'ФР94-ТК90', 94, 90)
INSERT dbo.product VALUES (563, 'ML71LT79', 'ФР71-ТК79', 71, 79)
INSERT dbo.product VALUES (564, 'ML30LT132', 'ФР30-ТК132', 30, 132)
INSERT dbo.product VALUES (565, 'ML99LT33', 'ФР99-ТК33', 99, 33)
INSERT dbo.product VALUES (566, 'ML21LT132', 'ФР21-ТК132', 21, 132)
INSERT dbo.product VALUES (567, 'ML67LT122', 'ФР67-ТК122', 67, 122)
INSERT dbo.product VALUES (568, 'ML81LT71', 'ФР81-ТК71', 81, 71)
INSERT dbo.product VALUES (569, 'ML64LT96', 'ФР64-ТК96', 64, 96)
INSERT dbo.product VALUES (570, 'ML115LT18', 'ФР115-ТК18', 115, 18)
INSERT dbo.product VALUES (571, 'ML53LT129', 'ФР53-ТК129', 53, 129)
INSERT dbo.product VALUES (572, 'ML36LT18', 'ФР36-ТК18', 36, 18)
INSERT dbo.product VALUES (573, 'ML101LT69', 'ФР101-ТК69', 101, 69)
INSERT dbo.product VALUES (574, 'ML87LT88', 'ФР87-ТК88', 87, 88)
INSERT dbo.product VALUES (575, 'ML92LT108', 'ФР92-ТК108', 92, 108)
INSERT dbo.product VALUES (576, 'ML109LT156', 'ФР109-ТК156', 109, 156)
INSERT dbo.product VALUES (577, 'ML75LT45', 'ФР75-ТК45', 75, 45)
INSERT dbo.product VALUES (578, 'ML92LT51', 'ФР92-ТК51', 92, 51)
INSERT dbo.product VALUES (579, 'ML32LT97', 'ФР32-ТК97', 32, 97)
INSERT dbo.product VALUES (580, 'ML117LT112', 'ФР117-ТК112', 117, 112)
INSERT dbo.product VALUES (581, 'ML59LT57', 'ФР59-ТК57', 59, 57)
INSERT dbo.product VALUES (582, 'ML36LT107', 'ФР36-ТК107', 36, 107)
INSERT dbo.product VALUES (583, 'ML119LT139', 'ФР119-ТК139', 119, 139)
INSERT dbo.product VALUES (584, 'ML96LT23', 'ФР96-ТК23', 96, 23)
INSERT dbo.product VALUES (585, 'ML86LT130', 'ФР86-ТК130', 86, 130)
INSERT dbo.product VALUES (586, 'ML27LT48', 'ФР27-ТК48', 27, 48)
INSERT dbo.product VALUES (587, 'ML76LT92', 'ФР76-ТК92', 76, 92)
INSERT dbo.product VALUES (588, 'ML113LT19', 'ФР113-ТК19', 113, 19)
INSERT dbo.product VALUES (589, 'ML95LT142', 'ФР95-ТК142', 95, 142)
INSERT dbo.product VALUES (590, 'ML80LT38', 'ФР80-ТК38', 80, 38)
INSERT dbo.product VALUES (591, 'ML35LT107', 'ФР35-ТК107', 35, 107)
INSERT dbo.product VALUES (592, 'ML59LT79', 'ФР59-ТК79', 59, 79)
INSERT dbo.product VALUES (593, 'ML44LT21', 'ФР44-ТК21', 44, 21)
INSERT dbo.product VALUES (594, 'ML24LT64', 'ФР24-ТК64', 24, 64)
INSERT dbo.product VALUES (595, 'ML38LT122', 'ФР38-ТК122', 38, 122)
INSERT dbo.product VALUES (596, 'ML75LT52', 'ФР75-ТК52', 75, 52)
INSERT dbo.product VALUES (597, 'ML115LT26', 'ФР115-ТК26', 115, 26)
INSERT dbo.product VALUES (598, 'ML20LT91', 'ФР20-ТК91', 20, 91)
INSERT dbo.product VALUES (599, 'ML20LT85', 'ФР20-ТК85', 20, 85)
INSERT dbo.product VALUES (600, 'ML78LT129', 'ФР78-ТК129', 78, 129)
INSERT dbo.product VALUES (601, 'ML24LT22', 'ФР24-ТК22', 24, 22)
INSERT dbo.product VALUES (602, 'ML91LT143', 'ФР91-ТК143', 91, 143)
INSERT dbo.product VALUES (603, 'ML99LT31', 'ФР99-ТК31', 99, 31)
INSERT dbo.product VALUES (604, 'ML35LT42', 'ФР35-ТК42', 35, 42)
INSERT dbo.product VALUES (605, 'ML105LT73', 'ФР105-ТК73', 105, 73)
INSERT dbo.product VALUES (606, 'ML87LT15', 'ФР87-ТК15', 87, 15)
INSERT dbo.product VALUES (607, 'ML43LT153', 'ФР43-ТК153', 43, 153)
INSERT dbo.product VALUES (608, 'ML111LT105', 'ФР111-ТК105', 111, 105)
INSERT dbo.product VALUES (609, 'ML83LT75', 'ФР83-ТК75', 83, 75)
INSERT dbo.product VALUES (610, 'ML118LT82', 'ФР118-ТК82', 118, 82)
INSERT dbo.product VALUES (611, 'ML57LT73', 'ФР57-ТК73', 57, 73)
INSERT dbo.product VALUES (612, 'ML93LT70', 'ФР93-ТК70', 93, 70)
INSERT dbo.product VALUES (613, 'ML38LT96', 'ФР38-ТК96', 38, 96)
INSERT dbo.product VALUES (614, 'ML65LT148', 'ФР65-ТК148', 65, 148)
INSERT dbo.product VALUES (615, 'ML106LT57', 'ФР106-ТК57', 106, 57)
INSERT dbo.product VALUES (616, 'ML43LT71', 'ФР43-ТК71', 43, 71)
INSERT dbo.product VALUES (617, 'ML96LT69', 'ФР96-ТК69', 96, 69)
INSERT dbo.product VALUES (618, 'ML31LT107', 'ФР31-ТК107', 31, 107)
INSERT dbo.product VALUES (619, 'ML79LT102', 'ФР79-ТК102', 79, 102)
INSERT dbo.product VALUES (620, 'ML45LT73', 'ФР45-ТК73', 45, 73)
INSERT dbo.product VALUES (621, 'ML77LT124', 'ФР77-ТК124', 77, 124)
INSERT dbo.product VALUES (622, 'ML31LT111', 'ФР31-ТК111', 31, 111)
INSERT dbo.product VALUES (623, 'ML94LT43', 'ФР94-ТК43', 94, 43)
INSERT dbo.product VALUES (624, 'ML45LT83', 'ФР45-ТК83', 45, 83)
INSERT dbo.product VALUES (625, 'ML32LT26', 'ФР32-ТК26', 32, 26)
INSERT dbo.product VALUES (626, 'ML38LT59', 'ФР38-ТК59', 38, 59)
INSERT dbo.product VALUES (627, 'ML63LT11', 'ФР63-ТК11', 63, 11)
INSERT dbo.product VALUES (628, 'ML47LT107', 'ФР47-ТК107', 47, 107)
INSERT dbo.product VALUES (629, 'ML56LT124', 'ФР56-ТК124', 56, 124)
INSERT dbo.product VALUES (630, 'ML115LT39', 'ФР115-ТК39', 115, 39)
INSERT dbo.product VALUES (631, 'ML71LT20', 'ФР71-ТК20', 71, 20)
INSERT dbo.product VALUES (632, 'ML77LT133', 'ФР77-ТК133', 77, 133)
INSERT dbo.product VALUES (633, 'ML51LT121', 'ФР51-ТК121', 51, 121)
INSERT dbo.product VALUES (634, 'ML55LT93', 'ФР55-ТК93', 55, 93)
INSERT dbo.product VALUES (635, 'ML70LT108', 'ФР70-ТК108', 70, 108)
INSERT dbo.product VALUES (636, 'ML46LT159', 'ФР46-ТК159', 46, 159)
INSERT dbo.product VALUES (637, 'ML57LT23', 'ФР57-ТК23', 57, 23)
INSERT dbo.product VALUES (638, 'ML114LT81', 'ФР114-ТК81', 114, 81)
INSERT dbo.product VALUES (639, 'ML81LT141', 'ФР81-ТК141', 81, 141)
INSERT dbo.product VALUES (640, 'ML112LT131', 'ФР112-ТК131', 112, 131)
INSERT dbo.product VALUES (641, 'ML90LT120', 'ФР90-ТК120', 90, 120)
INSERT dbo.product VALUES (642, 'ML93LT15', 'ФР93-ТК15', 93, 15)
INSERT dbo.product VALUES (643, 'ML103LT29', 'ФР103-ТК29', 103, 29)
INSERT dbo.product VALUES (644, 'ML53LT101', 'ФР53-ТК101', 53, 101)
INSERT dbo.product VALUES (645, 'ML93LT36', 'ФР93-ТК36', 93, 36)
INSERT dbo.product VALUES (646, 'ML57LT143', 'ФР57-ТК143', 57, 143)
INSERT dbo.product VALUES (647, 'ML96LT106', 'ФР96-ТК106', 96, 106)
INSERT dbo.product VALUES (648, 'ML86LT127', 'ФР86-ТК127', 86, 127)
INSERT dbo.product VALUES (649, 'ML27LT145', 'ФР27-ТК145', 27, 145)
INSERT dbo.product VALUES (650, 'ML107LT144', 'ФР107-ТК144', 107, 144)
INSERT dbo.product VALUES (651, 'ML103LT45', 'ФР103-ТК45', 103, 45)
INSERT dbo.product VALUES (652, 'ML103LT135', 'ФР103-ТК135', 103, 135)
INSERT dbo.product VALUES (653, 'ML79LT43', 'ФР79-ТК43', 79, 43)
INSERT dbo.product VALUES (654, 'ML50LT63', 'ФР50-ТК63', 50, 63)
INSERT dbo.product VALUES (655, 'ML47LT134', 'ФР47-ТК134', 47, 134)
INSERT dbo.product VALUES (656, 'ML101LT151', 'ФР101-ТК151', 101, 151)
INSERT dbo.product VALUES (657, 'ML61LT40', 'ФР61-ТК40', 61, 40)
INSERT dbo.product VALUES (658, 'ML117LT63', 'ФР117-ТК63', 117, 63)
INSERT dbo.product VALUES (659, 'ML85LT94', 'ФР85-ТК94', 85, 94)
INSERT dbo.product VALUES (660, 'ML97LT71', 'ФР97-ТК71', 97, 71)
INSERT dbo.product VALUES (661, 'ML25LT122', 'ФР25-ТК122', 25, 122)
INSERT dbo.product VALUES (662, 'ML97LT85', 'ФР97-ТК85', 97, 85)
INSERT dbo.product VALUES (663, 'ML88LT84', 'ФР88-ТК84', 88, 84)
INSERT dbo.product VALUES (664, 'ML42LT114', 'ФР42-ТК114', 42, 114)
INSERT dbo.product VALUES (665, 'ML80LT107', 'ФР80-ТК107', 80, 107)
INSERT dbo.product VALUES (666, 'ML92LT26', 'ФР92-ТК26', 92, 26)
INSERT dbo.product VALUES (667, 'ML81LT145', 'ФР81-ТК145', 81, 145)
INSERT dbo.product VALUES (668, 'ML51LT115', 'ФР51-ТК115', 51, 115)
INSERT dbo.product VALUES (669, 'ML78LT50', 'ФР78-ТК50', 78, 50)
INSERT dbo.product VALUES (670, 'ML83LT106', 'ФР83-ТК106', 83, 106)
INSERT dbo.product VALUES (671, 'ML113LT32', 'ФР113-ТК32', 113, 32)
INSERT dbo.product VALUES (672, 'ML52LT125', 'ФР52-ТК125', 52, 125)
INSERT dbo.product VALUES (673, 'ML22LT34', 'ФР22-ТК34', 22, 34)
INSERT dbo.product VALUES (674, 'ML77LT25', 'ФР77-ТК25', 77, 25)
INSERT dbo.product VALUES (675, 'ML41LT136', 'ФР41-ТК136', 41, 136)
INSERT dbo.product VALUES (676, 'ML68LT149', 'ФР68-ТК149', 68, 149)
INSERT dbo.product VALUES (677, 'ML59LT97', 'ФР59-ТК97', 59, 97)
INSERT dbo.product VALUES (678, 'ML74LT117', 'ФР74-ТК117', 74, 117)
INSERT dbo.product VALUES (679, 'ML86LT65', 'ФР86-ТК65', 86, 65)
INSERT dbo.product VALUES (680, 'ML104LT116', 'ФР104-ТК116', 104, 116)
INSERT dbo.product VALUES (681, 'ML93LT114', 'ФР93-ТК114', 93, 114)
INSERT dbo.product VALUES (682, 'ML105LT75', 'ФР105-ТК75', 105, 75)
INSERT dbo.product VALUES (683, 'ML90LT149', 'ФР90-ТК149', 90, 149)
INSERT dbo.product VALUES (684, 'ML91LT82', 'ФР91-ТК82', 91, 82)
INSERT dbo.product VALUES (685, 'ML43LT147', 'ФР43-ТК147', 43, 147)
INSERT dbo.product VALUES (686, 'ML109LT24', 'ФР109-ТК24', 109, 24)
INSERT dbo.product VALUES (687, 'ML43LT154', 'ФР43-ТК154', 43, 154)
INSERT dbo.product VALUES (688, 'ML66LT60', 'ФР66-ТК60', 66, 60)
INSERT dbo.product VALUES (689, 'ML111LT83', 'ФР111-ТК83', 111, 83)
INSERT dbo.product VALUES (690, 'ML32LT35', 'ФР32-ТК35', 32, 35)
INSERT dbo.product VALUES (691, 'ML39LT61', 'ФР39-ТК61', 39, 61)
INSERT dbo.product VALUES (692, 'ML109LT136', 'ФР109-ТК136', 109, 136)
INSERT dbo.product VALUES (693, 'ML47LT147', 'ФР47-ТК147', 47, 147)
INSERT dbo.product VALUES (694, 'ML38LT130', 'ФР38-ТК130', 38, 130)
INSERT dbo.product VALUES (695, 'ML51LT143', 'ФР51-ТК143', 51, 143)
INSERT dbo.product VALUES (696, 'ML58LT85', 'ФР58-ТК85', 58, 85)
INSERT dbo.product VALUES (697, 'ML90LT117', 'ФР90-ТК117', 90, 117)
INSERT dbo.product VALUES (698, 'ML104LT45', 'ФР104-ТК45', 104, 45)
INSERT dbo.product VALUES (699, 'ML47LT31', 'ФР47-ТК31', 47, 31)
INSERT dbo.product VALUES (700, 'ML65LT46', 'ФР65-ТК46', 65, 46)
INSERT dbo.product VALUES (701, 'ML58LT157', 'ФР58-ТК157', 58, 157)
INSERT dbo.product VALUES (702, 'ML28LT37', 'ФР28-ТК37', 28, 37)
INSERT dbo.product VALUES (703, 'ML91LT71', 'ФР91-ТК71', 91, 71)
INSERT dbo.product VALUES (704, 'ML106LT33', 'ФР106-ТК33', 106, 33)
INSERT dbo.product VALUES (705, 'ML58LT144', 'ФР58-ТК144', 58, 144)
INSERT dbo.product VALUES (706, 'ML79LT23', 'ФР79-ТК23', 79, 23)
INSERT dbo.product VALUES (707, 'ML29LT114', 'ФР29-ТК114', 29, 114)
INSERT dbo.product VALUES (708, 'ML65LT150', 'ФР65-ТК150', 65, 150)
INSERT dbo.product VALUES (709, 'ML50LT76', 'ФР50-ТК76', 50, 76)
INSERT dbo.product VALUES (710, 'ML46LT151', 'ФР46-ТК151', 46, 151)
INSERT dbo.product VALUES (711, 'ML97LT48', 'ФР97-ТК48', 97, 48)
INSERT dbo.product VALUES (712, 'ML61LT50', 'ФР61-ТК50', 61, 50)
INSERT dbo.product VALUES (713, 'ML50LT28', 'ФР50-ТК28', 50, 28)
INSERT dbo.product VALUES (714, 'ML72LT50', 'ФР72-ТК50', 72, 50)
INSERT dbo.product VALUES (715, 'ML102LT114', 'ФР102-ТК114', 102, 114)
INSERT dbo.product VALUES (716, 'ML52LT83', 'ФР52-ТК83', 52, 83)
INSERT dbo.product VALUES (717, 'ML117LT30', 'ФР117-ТК30', 117, 30)
INSERT dbo.product VALUES (718, 'ML58LT84', 'ФР58-ТК84', 58, 84)
INSERT dbo.product VALUES (719, 'ML30LT68', 'ФР30-ТК68', 30, 68)
INSERT dbo.product VALUES (720, 'ML91LT36', 'ФР91-ТК36', 91, 36)
INSERT dbo.product VALUES (721, 'ML51LT85', 'ФР51-ТК85', 51, 85)
INSERT dbo.product VALUES (722, 'ML34LT47', 'ФР34-ТК47', 34, 47)
INSERT dbo.product VALUES (723, 'ML40LT47', 'ФР40-ТК47', 40, 47)
INSERT dbo.product VALUES (724, 'ML72LT89', 'ФР72-ТК89', 72, 89)
INSERT dbo.product VALUES (725, 'ML83LT46', 'ФР83-ТК46', 83, 46)
INSERT dbo.product VALUES (726, 'ML101LT75', 'ФР101-ТК75', 101, 75)
INSERT dbo.product VALUES (727, 'ML97LT139', 'ФР97-ТК139', 97, 139)
INSERT dbo.product VALUES (728, 'ML110LT47', 'ФР110-ТК47', 110, 47)
INSERT dbo.product VALUES (729, 'ML105LT27', 'ФР105-ТК27', 105, 27)
INSERT dbo.product VALUES (730, 'ML84LT145', 'ФР84-ТК145', 84, 145)
INSERT dbo.product VALUES (731, 'ML31LT18', 'ФР31-ТК18', 31, 18)
INSERT dbo.product VALUES (732, 'ML98LT27', 'ФР98-ТК27', 98, 27)
INSERT dbo.product VALUES (733, 'ML38LT71', 'ФР38-ТК71', 38, 71)
INSERT dbo.product VALUES (734, 'ML95LT150', 'ФР95-ТК150', 95, 150)
INSERT dbo.product VALUES (735, 'ML66LT130', 'ФР66-ТК130', 66, 130)
INSERT dbo.product VALUES (736, 'ML69LT134', 'ФР69-ТК134', 69, 134)
INSERT dbo.product VALUES (737, 'ML101LT76', 'ФР101-ТК76', 101, 76)
INSERT dbo.product VALUES (738, 'ML67LT70', 'ФР67-ТК70', 67, 70)
INSERT dbo.product VALUES (739, 'ML94LT31', 'ФР94-ТК31', 94, 31)
INSERT dbo.product VALUES (740, 'ML25LT85', 'ФР25-ТК85', 25, 85)
INSERT dbo.product VALUES (741, 'ML94LT92', 'ФР94-ТК92', 94, 92)
INSERT dbo.product VALUES (742, 'ML20LT15', 'ФР20-ТК15', 20, 15)
INSERT dbo.product VALUES (743, 'ML28LT55', 'ФР28-ТК55', 28, 55)
INSERT dbo.product VALUES (744, 'ML64LT107', 'ФР64-ТК107', 64, 107)
INSERT dbo.product VALUES (745, 'ML116LT104', 'ФР116-ТК104', 116, 104)
INSERT dbo.product VALUES (746, 'ML33LT121', 'ФР33-ТК121', 33, 121)
INSERT dbo.product VALUES (747, 'ML40LT43', 'ФР40-ТК43', 40, 43)
INSERT dbo.product VALUES (748, 'ML90LT75', 'ФР90-ТК75', 90, 75)
INSERT dbo.product VALUES (749, 'ML114LT152', 'ФР114-ТК152', 114, 152)
INSERT dbo.product VALUES (750, 'ML39LT50', 'ФР39-ТК50', 39, 50)
INSERT dbo.product VALUES (751, 'ML66LT12', 'ФР66-ТК12', 66, 12)
INSERT dbo.product VALUES (752, 'ML38LT121', 'ФР38-ТК121', 38, 121)
INSERT dbo.product VALUES (753, 'ML95LT152', 'ФР95-ТК152', 95, 152)
INSERT dbo.product VALUES (754, 'ML78LT84', 'ФР78-ТК84', 78, 84)
INSERT dbo.product VALUES (755, 'ML50LT35', 'ФР50-ТК35', 50, 35)
INSERT dbo.product VALUES (756, 'ML21LT78', 'ФР21-ТК78', 21, 78)
INSERT dbo.product VALUES (757, 'ML34LT13', 'ФР34-ТК13', 34, 13)
INSERT dbo.product VALUES (758, 'ML114LT153', 'ФР114-ТК153', 114, 153)
INSERT dbo.product VALUES (759, 'ML48LT112', 'ФР48-ТК112', 48, 112)
INSERT dbo.product VALUES (760, 'ML68LT131', 'ФР68-ТК131', 68, 131)
INSERT dbo.product VALUES (761, 'ML96LT44', 'ФР96-ТК44', 96, 44)
INSERT dbo.product VALUES (762, 'ML71LT14', 'ФР71-ТК14', 71, 14)
INSERT dbo.product VALUES (763, 'ML86LT154', 'ФР86-ТК154', 86, 154)
INSERT dbo.product VALUES (764, 'ML20LT73', 'ФР20-ТК73', 20, 73)
INSERT dbo.product VALUES (765, 'ML89LT97', 'ФР89-ТК97', 89, 97)
INSERT dbo.product VALUES (766, 'ML76LT134', 'ФР76-ТК134', 76, 134)
INSERT dbo.product VALUES (767, 'ML117LT11', 'ФР117-ТК11', 117, 11)
INSERT dbo.product VALUES (768, 'ML84LT110', 'ФР84-ТК110', 84, 110)
INSERT dbo.product VALUES (769, 'ML47LT12', 'ФР47-ТК12', 47, 12)
INSERT dbo.product VALUES (770, 'ML53LT116', 'ФР53-ТК116', 53, 116)
INSERT dbo.product VALUES (771, 'ML64LT111', 'ФР64-ТК111', 64, 111)
INSERT dbo.product VALUES (772, 'ML109LT33', 'ФР109-ТК33', 109, 33)
INSERT dbo.product VALUES (773, 'ML46LT150', 'ФР46-ТК150', 46, 150)
INSERT dbo.product VALUES (774, 'ML47LT11', 'ФР47-ТК11', 47, 11)
INSERT dbo.product VALUES (775, 'ML75LT50', 'ФР75-ТК50', 75, 50)
INSERT dbo.product VALUES (776, 'ML59LT138', 'ФР59-ТК138', 59, 138)
INSERT dbo.product VALUES (777, 'ML119LT64', 'ФР119-ТК64', 119, 64)
INSERT dbo.product VALUES (778, 'ML98LT97', 'ФР98-ТК97', 98, 97)
INSERT dbo.product VALUES (779, 'ML39LT31', 'ФР39-ТК31', 39, 31)
INSERT dbo.product VALUES (780, 'ML80LT100', 'ФР80-ТК100', 80, 100)
INSERT dbo.product VALUES (781, 'ML67LT84', 'ФР67-ТК84', 67, 84)
INSERT dbo.product VALUES (782, 'ML106LT101', 'ФР106-ТК101', 106, 101)
INSERT dbo.product VALUES (783, 'ML117LT82', 'ФР117-ТК82', 117, 82)
INSERT dbo.product VALUES (784, 'ML76LT147', 'ФР76-ТК147', 76, 147)
INSERT dbo.product VALUES (785, 'ML34LT38', 'ФР34-ТК38', 34, 38)
INSERT dbo.product VALUES (786, 'ML118LT116', 'ФР118-ТК116', 118, 116)
INSERT dbo.product VALUES (787, 'ML83LT98', 'ФР83-ТК98', 83, 98)
INSERT dbo.product VALUES (788, 'ML37LT111', 'ФР37-ТК111', 37, 111)
INSERT dbo.product VALUES (789, 'ML100LT94', 'ФР100-ТК94', 100, 94)
INSERT dbo.product VALUES (790, 'ML60LT156', 'ФР60-ТК156', 60, 156)
INSERT dbo.product VALUES (791, 'ML88LT10', 'ФР88-ТК10', 88, 10)
INSERT dbo.product VALUES (792, 'ML29LT10', 'ФР29-ТК10', 29, 10)
INSERT dbo.product VALUES (793, 'ML96LT25', 'ФР96-ТК25', 96, 25)
INSERT dbo.product VALUES (794, 'ML94LT100', 'ФР94-ТК100', 94, 100)
INSERT dbo.product VALUES (795, 'ML52LT38', 'ФР52-ТК38', 52, 38)
INSERT dbo.product VALUES (796, 'ML116LT73', 'ФР116-ТК73', 116, 73)
INSERT dbo.product VALUES (797, 'ML34LT159', 'ФР34-ТК159', 34, 159)
INSERT dbo.product VALUES (798, 'ML22LT119', 'ФР22-ТК119', 22, 119)
INSERT dbo.product VALUES (799, 'ML34LT126', 'ФР34-ТК126', 34, 126)
INSERT dbo.product VALUES (800, 'ML113LT151', 'ФР113-ТК151', 113, 151)
INSERT dbo.product VALUES (801, 'ML35LT114', 'ФР35-ТК114', 35, 114)
INSERT dbo.product VALUES (802, 'ML39LT136', 'ФР39-ТК136', 39, 136)
INSERT dbo.product VALUES (803, 'ML51LT110', 'ФР51-ТК110', 51, 110)
INSERT dbo.product VALUES (804, 'ML100LT144', 'ФР100-ТК144', 100, 144)
INSERT dbo.product VALUES (805, 'ML109LT129', 'ФР109-ТК129', 109, 129)
INSERT dbo.product VALUES (806, 'ML91LT28', 'ФР91-ТК28', 91, 28)
INSERT dbo.product VALUES (807, 'ML92LT71', 'ФР92-ТК71', 92, 71)
INSERT dbo.product VALUES (808, 'ML118LT124', 'ФР118-ТК124', 118, 124)
INSERT dbo.product VALUES (809, 'ML72LT124', 'ФР72-ТК124', 72, 124)
INSERT dbo.product VALUES (810, 'ML73LT53', 'ФР73-ТК53', 73, 53)
INSERT dbo.product VALUES (811, 'ML113LT120', 'ФР113-ТК120', 113, 120)
INSERT dbo.product VALUES (812, 'ML41LT56', 'ФР41-ТК56', 41, 56)
INSERT dbo.product VALUES (813, 'ML62LT56', 'ФР62-ТК56', 62, 56)
INSERT dbo.product VALUES (814, 'ML22LT79', 'ФР22-ТК79', 22, 79)
INSERT dbo.product VALUES (815, 'ML64LT156', 'ФР64-ТК156', 64, 156)
INSERT dbo.product VALUES (816, 'ML86LT99', 'ФР86-ТК99', 86, 99)
INSERT dbo.product VALUES (817, 'ML57LT116', 'ФР57-ТК116', 57, 116)
INSERT dbo.product VALUES (818, 'ML34LT132', 'ФР34-ТК132', 34, 132)
INSERT dbo.product VALUES (819, 'ML115LT125', 'ФР115-ТК125', 115, 125)
INSERT dbo.product VALUES (820, 'ML65LT94', 'ФР65-ТК94', 65, 94)
INSERT dbo.product VALUES (821, 'ML20LT30', 'ФР20-ТК30', 20, 30)
INSERT dbo.product VALUES (822, 'ML45LT15', 'ФР45-ТК15', 45, 15)
INSERT dbo.product VALUES (823, 'ML59LT105', 'ФР59-ТК105', 59, 105)
INSERT dbo.product VALUES (824, 'ML94LT59', 'ФР94-ТК59', 94, 59)
INSERT dbo.product VALUES (825, 'ML23LT10', 'ФР23-ТК10', 23, 10)
INSERT dbo.product VALUES (826, 'ML113LT23', 'ФР113-ТК23', 113, 23)
INSERT dbo.product VALUES (827, 'ML42LT14', 'ФР42-ТК14', 42, 14)
INSERT dbo.product VALUES (828, 'ML88LT121', 'ФР88-ТК121', 88, 121)
INSERT dbo.product VALUES (829, 'ML76LT59', 'ФР76-ТК59', 76, 59)
INSERT dbo.product VALUES (830, 'ML60LT52', 'ФР60-ТК52', 60, 52)
INSERT dbo.product VALUES (831, 'ML105LT50', 'ФР105-ТК50', 105, 50)
INSERT dbo.product VALUES (832, 'ML52LT144', 'ФР52-ТК144', 52, 144)
INSERT dbo.product VALUES (833, 'ML100LT27', 'ФР100-ТК27', 100, 27)
INSERT dbo.product VALUES (834, 'ML84LT74', 'ФР84-ТК74', 84, 74)
INSERT dbo.product VALUES (835, 'ML70LT59', 'ФР70-ТК59', 70, 59)
INSERT dbo.product VALUES (836, 'ML21LT84', 'ФР21-ТК84', 21, 84)
INSERT dbo.product VALUES (837, 'ML62LT126', 'ФР62-ТК126', 62, 126)
INSERT dbo.product VALUES (838, 'ML115LT134', 'ФР115-ТК134', 115, 134)
INSERT dbo.product VALUES (839, 'ML94LT76', 'ФР94-ТК76', 94, 76)
INSERT dbo.product VALUES (840, 'ML34LT129', 'ФР34-ТК129', 34, 129)
INSERT dbo.product VALUES (841, 'ML102LT143', 'ФР102-ТК143', 102, 143)
INSERT dbo.product VALUES (842, 'ML43LT123', 'ФР43-ТК123', 43, 123)
INSERT dbo.product VALUES (843, 'ML93LT143', 'ФР93-ТК143', 93, 143)
INSERT dbo.product VALUES (844, 'ML22LT23', 'ФР22-ТК23', 22, 23)
INSERT dbo.product VALUES (845, 'ML48LT48', 'ФР48-ТК48', 48, 48)
INSERT dbo.product VALUES (846, 'ML41LT71', 'ФР41-ТК71', 41, 71)
INSERT dbo.product VALUES (847, 'ML78LT25', 'ФР78-ТК25', 78, 25)
INSERT dbo.product VALUES (848, 'ML73LT56', 'ФР73-ТК56', 73, 56)
INSERT dbo.product VALUES (849, 'ML102LT126', 'ФР102-ТК126', 102, 126)
INSERT dbo.product VALUES (850, 'ML98LT122', 'ФР98-ТК122', 98, 122)
INSERT dbo.product VALUES (851, 'ML57LT21', 'ФР57-ТК21', 57, 21)
INSERT dbo.product VALUES (852, 'ML44LT105', 'ФР44-ТК105', 44, 105)
INSERT dbo.product VALUES (853, 'ML81LT99', 'ФР81-ТК99', 81, 99)
INSERT dbo.product VALUES (854, 'ML104LT57', 'ФР104-ТК57', 104, 57)
INSERT dbo.product VALUES (855, 'ML105LT122', 'ФР105-ТК122', 105, 122)
INSERT dbo.product VALUES (856, 'ML112LT22', 'ФР112-ТК22', 112, 22)
INSERT dbo.product VALUES (857, 'ML40LT46', 'ФР40-ТК46', 40, 46)
INSERT dbo.product VALUES (858, 'ML80LT41', 'ФР80-ТК41', 80, 41)
INSERT dbo.product VALUES (859, 'ML60LT100', 'ФР60-ТК100', 60, 100)
INSERT dbo.product VALUES (860, 'ML108LT101', 'ФР108-ТК101', 108, 101)
INSERT dbo.product VALUES (861, 'ML36LT26', 'ФР36-ТК26', 36, 26)
INSERT dbo.product VALUES (862, 'ML109LT83', 'ФР109-ТК83', 109, 83)
INSERT dbo.product VALUES (863, 'ML93LT30', 'ФР93-ТК30', 93, 30)
INSERT dbo.product VALUES (864, 'ML39LT59', 'ФР39-ТК59', 39, 59)
INSERT dbo.product VALUES (865, 'ML52LT121', 'ФР52-ТК121', 52, 121)
INSERT dbo.product VALUES (866, 'ML34LT130', 'ФР34-ТК130', 34, 130)
INSERT dbo.product VALUES (867, 'ML82LT134', 'ФР82-ТК134', 82, 134)
INSERT dbo.product VALUES (868, 'ML52LT37', 'ФР52-ТК37', 52, 37)
INSERT dbo.product VALUES (869, 'ML61LT96', 'ФР61-ТК96', 61, 96)
INSERT dbo.product VALUES (870, 'ML110LT14', 'ФР110-ТК14', 110, 14)
INSERT dbo.product VALUES (871, 'ML79LT42', 'ФР79-ТК42', 79, 42)
INSERT dbo.product VALUES (872, 'ML106LT45', 'ФР106-ТК45', 106, 45)
INSERT dbo.product VALUES (873, 'ML77LT37', 'ФР77-ТК37', 77, 37)
INSERT dbo.product VALUES (874, 'ML115LT88', 'ФР115-ТК88', 115, 88)
INSERT dbo.product VALUES (875, 'ML102LT123', 'ФР102-ТК123', 102, 123)
INSERT dbo.product VALUES (876, 'ML76LT18', 'ФР76-ТК18', 76, 18)
INSERT dbo.product VALUES (877, 'ML56LT66', 'ФР56-ТК66', 56, 66)
INSERT dbo.product VALUES (878, 'ML76LT110', 'ФР76-ТК110', 76, 110)
INSERT dbo.product VALUES (879, 'ML51LT119', 'ФР51-ТК119', 51, 119)
INSERT dbo.product VALUES (880, 'ML55LT26', 'ФР55-ТК26', 55, 26)
INSERT dbo.product VALUES (881, 'ML29LT159', 'ФР29-ТК159', 29, 159)
INSERT dbo.product VALUES (882, 'ML71LT52', 'ФР71-ТК52', 71, 52)
INSERT dbo.product VALUES (883, 'ML72LT28', 'ФР72-ТК28', 72, 28)
INSERT dbo.product VALUES (884, 'ML58LT46', 'ФР58-ТК46', 58, 46)
INSERT dbo.product VALUES (885, 'ML72LT82', 'ФР72-ТК82', 72, 82)
INSERT dbo.product VALUES (886, 'ML79LT122', 'ФР79-ТК122', 79, 122)
INSERT dbo.product VALUES (887, 'ML99LT19', 'ФР99-ТК19', 99, 19)
INSERT dbo.product VALUES (888, 'ML93LT121', 'ФР93-ТК121', 93, 121)
INSERT dbo.product VALUES (889, 'ML85LT46', 'ФР85-ТК46', 85, 46)
INSERT dbo.product VALUES (890, 'ML51LT96', 'ФР51-ТК96', 51, 96)
INSERT dbo.product VALUES (891, 'ML56LT113', 'ФР56-ТК113', 56, 113)
INSERT dbo.product VALUES (892, 'ML93LT82', 'ФР93-ТК82', 93, 82)
INSERT dbo.product VALUES (893, 'ML40LT159', 'ФР40-ТК159', 40, 159)
INSERT dbo.product VALUES (894, 'ML67LT105', 'ФР67-ТК105', 67, 105)
INSERT dbo.product VALUES (895, 'ML115LT93', 'ФР115-ТК93', 115, 93)
INSERT dbo.product VALUES (896, 'ML87LT45', 'ФР87-ТК45', 87, 45)
INSERT dbo.product VALUES (897, 'ML117LT125', 'ФР117-ТК125', 117, 125)
INSERT dbo.product VALUES (898, 'ML106LT76', 'ФР106-ТК76', 106, 76)
INSERT dbo.product VALUES (899, 'ML110LT44', 'ФР110-ТК44', 110, 44)
INSERT dbo.product VALUES (900, 'ML49LT11', 'ФР49-ТК11', 49, 11)
INSERT dbo.product VALUES (901, 'ML109LT92', 'ФР109-ТК92', 109, 92)
INSERT dbo.product VALUES (902, 'ML107LT128', 'ФР107-ТК128', 107, 128)
INSERT dbo.product VALUES (903, 'ML100LT13', 'ФР100-ТК13', 100, 13)
INSERT dbo.product VALUES (904, 'ML79LT94', 'ФР79-ТК94', 79, 94)
INSERT dbo.product VALUES (905, 'ML88LT14', 'ФР88-ТК14', 88, 14)
INSERT dbo.product VALUES (906, 'ML67LT74', 'ФР67-ТК74', 67, 74)
INSERT dbo.product VALUES (907, 'ML33LT158', 'ФР33-ТК158', 33, 158)
INSERT dbo.product VALUES (908, 'ML46LT68', 'ФР46-ТК68', 46, 68)
INSERT dbo.product VALUES (909, 'ML50LT60', 'ФР50-ТК60', 50, 60)
INSERT dbo.product VALUES (910, 'ML69LT141', 'ФР69-ТК141', 69, 141)
INSERT dbo.product VALUES (911, 'ML48LT103', 'ФР48-ТК103', 48, 103)
INSERT dbo.product VALUES (912, 'ML43LT49', 'ФР43-ТК49', 43, 49)
INSERT dbo.product VALUES (913, 'ML78LT83', 'ФР78-ТК83', 78, 83)
INSERT dbo.product VALUES (914, 'ML36LT60', 'ФР36-ТК60', 36, 60)
INSERT dbo.product VALUES (915, 'ML99LT154', 'ФР99-ТК154', 99, 154)
INSERT dbo.product VALUES (916, 'ML76LT41', 'ФР76-ТК41', 76, 41)
INSERT dbo.product VALUES (917, 'ML41LT156', 'ФР41-ТК156', 41, 156)
INSERT dbo.product VALUES (918, 'ML65LT141', 'ФР65-ТК141', 65, 141)
INSERT dbo.product VALUES (919, 'ML27LT98', 'ФР27-ТК98', 27, 98)
INSERT dbo.product VALUES (920, 'ML39LT85', 'ФР39-ТК85', 39, 85)
INSERT dbo.product VALUES (921, 'ML44LT54', 'ФР44-ТК54', 44, 54)
INSERT dbo.product VALUES (922, 'ML39LT77', 'ФР39-ТК77', 39, 77)
INSERT dbo.product VALUES (923, 'ML59LT124', 'ФР59-ТК124', 59, 124)
INSERT dbo.product VALUES (924, 'ML76LT155', 'ФР76-ТК155', 76, 155)
INSERT dbo.product VALUES (925, 'ML101LT117', 'ФР101-ТК117', 101, 117)
INSERT dbo.product VALUES (926, 'ML88LT104', 'ФР88-ТК104', 88, 104)
INSERT dbo.product VALUES (927, 'ML89LT111', 'ФР89-ТК111', 89, 111)
INSERT dbo.product VALUES (928, 'ML56LT121', 'ФР56-ТК121', 56, 121)
INSERT dbo.product VALUES (929, 'ML24LT117', 'ФР24-ТК117', 24, 117)
INSERT dbo.product VALUES (930, 'ML59LT66', 'ФР59-ТК66', 59, 66)
INSERT dbo.product VALUES (931, 'ML66LT30', 'ФР66-ТК30', 66, 30)
INSERT dbo.product VALUES (932, 'ML38LT88', 'ФР38-ТК88', 38, 88)
INSERT dbo.product VALUES (933, 'ML33LT40', 'ФР33-ТК40', 33, 40)
INSERT dbo.product VALUES (934, 'ML25LT117', 'ФР25-ТК117', 25, 117)
INSERT dbo.product VALUES (935, 'ML71LT81', 'ФР71-ТК81', 71, 81)
INSERT dbo.product VALUES (936, 'ML110LT19', 'ФР110-ТК19', 110, 19)
INSERT dbo.product VALUES (937, 'ML31LT145', 'ФР31-ТК145', 31, 145)
INSERT dbo.product VALUES (938, 'ML76LT132', 'ФР76-ТК132', 76, 132)
INSERT dbo.product VALUES (939, 'ML28LT21', 'ФР28-ТК21', 28, 21)
INSERT dbo.product VALUES (940, 'ML95LT36', 'ФР95-ТК36', 95, 36)
INSERT dbo.product VALUES (941, 'ML52LT128', 'ФР52-ТК128', 52, 128)
INSERT dbo.product VALUES (942, 'ML69LT105', 'ФР69-ТК105', 69, 105)
INSERT dbo.product VALUES (943, 'ML44LT139', 'ФР44-ТК139', 44, 139)
INSERT dbo.product VALUES (944, 'ML60LT43', 'ФР60-ТК43', 60, 43)
INSERT dbo.product VALUES (945, 'ML73LT142', 'ФР73-ТК142', 73, 142)
INSERT dbo.product VALUES (946, 'ML114LT123', 'ФР114-ТК123', 114, 123)
INSERT dbo.product VALUES (947, 'ML90LT107', 'ФР90-ТК107', 90, 107)
INSERT dbo.product VALUES (948, 'ML54LT80', 'ФР54-ТК80', 54, 80)
INSERT dbo.product VALUES (949, 'ML69LT10', 'ФР69-ТК10', 69, 10)
INSERT dbo.product VALUES (950, 'ML36LT93', 'ФР36-ТК93', 36, 93)
INSERT dbo.product VALUES (951, 'ML111LT101', 'ФР111-ТК101', 111, 101)
INSERT dbo.product VALUES (952, 'ML79LT119', 'ФР79-ТК119', 79, 119)
INSERT dbo.product VALUES (953, 'ML43LT109', 'ФР43-ТК109', 43, 109)
INSERT dbo.product VALUES (954, 'ML114LT51', 'ФР114-ТК51', 114, 51)
INSERT dbo.product VALUES (955, 'ML69LT74', 'ФР69-ТК74', 69, 74)
INSERT dbo.product VALUES (956, 'ML99LT10', 'ФР99-ТК10', 99, 10)
INSERT dbo.product VALUES (957, 'ML79LT50', 'ФР79-ТК50', 79, 50)
INSERT dbo.product VALUES (958, 'ML41LT129', 'ФР41-ТК129', 41, 129)
INSERT dbo.product VALUES (959, 'ML93LT24', 'ФР93-ТК24', 93, 24)
INSERT dbo.product VALUES (960, 'ML24LT128', 'ФР24-ТК128', 24, 128)
INSERT dbo.product VALUES (961, 'ML37LT138', 'ФР37-ТК138', 37, 138)
INSERT dbo.product VALUES (962, 'ML53LT51', 'ФР53-ТК51', 53, 51)
INSERT dbo.product VALUES (963, 'ML99LT151', 'ФР99-ТК151', 99, 151)
INSERT dbo.product VALUES (964, 'ML79LT61', 'ФР79-ТК61', 79, 61)
INSERT dbo.product VALUES (965, 'ML117LT38', 'ФР117-ТК38', 117, 38)
INSERT dbo.product VALUES (966, 'ML114LT156', 'ФР114-ТК156', 114, 156)
INSERT dbo.product VALUES (967, 'ML87LT11', 'ФР87-ТК11', 87, 11)
INSERT dbo.product VALUES (968, 'ML100LT78', 'ФР100-ТК78', 100, 78)
INSERT dbo.product VALUES (969, 'ML40LT93', 'ФР40-ТК93', 40, 93)
INSERT dbo.product VALUES (970, 'ML74LT124', 'ФР74-ТК124', 74, 124)
INSERT dbo.product VALUES (971, 'ML76LT94', 'ФР76-ТК94', 76, 94)
INSERT dbo.product VALUES (972, 'ML56LT58', 'ФР56-ТК58', 56, 58)
INSERT dbo.product VALUES (973, 'ML23LT103', 'ФР23-ТК103', 23, 103)
INSERT dbo.product VALUES (974, 'ML95LT23', 'ФР95-ТК23', 95, 23)
INSERT dbo.product VALUES (975, 'ML58LT117', 'ФР58-ТК117', 58, 117)
INSERT dbo.product VALUES (976, 'ML56LT123', 'ФР56-ТК123', 56, 123)
INSERT dbo.product VALUES (977, 'ML68LT101', 'ФР68-ТК101', 68, 101)
INSERT dbo.product VALUES (978, 'ML103LT145', 'ФР103-ТК145', 103, 145)
INSERT dbo.product VALUES (979, 'ML33LT137', 'ФР33-ТК137', 33, 137)
INSERT dbo.product VALUES (980, 'ML48LT32', 'ФР48-ТК32', 48, 32)
INSERT dbo.product VALUES (981, 'ML80LT129', 'ФР80-ТК129', 80, 129)
INSERT dbo.product VALUES (982, 'ML115LT96', 'ФР115-ТК96', 115, 96)
INSERT dbo.product VALUES (983, 'ML26LT28', 'ФР26-ТК28', 26, 28)
INSERT dbo.product VALUES (984, 'ML30LT77', 'ФР30-ТК77', 30, 77)
INSERT dbo.product VALUES (985, 'ML47LT132', 'ФР47-ТК132', 47, 132)
INSERT dbo.product VALUES (986, 'ML71LT30', 'ФР71-ТК30', 71, 30)
INSERT dbo.product VALUES (987, 'ML107LT75', 'ФР107-ТК75', 107, 75)
INSERT dbo.product VALUES (988, 'ML113LT64', 'ФР113-ТК64', 113, 64)
INSERT dbo.product VALUES (989, 'ML25LT115', 'ФР25-ТК115', 25, 115)
INSERT dbo.product VALUES (990, 'ML68LT78', 'ФР68-ТК78', 68, 78)
INSERT dbo.product VALUES (991, 'ML71LT19', 'ФР71-ТК19', 71, 19)
INSERT dbo.product VALUES (992, 'ML40LT126', 'ФР40-ТК126', 40, 126)
INSERT dbo.product VALUES (993, 'ML55LT76', 'ФР55-ТК76', 55, 76)
INSERT dbo.product VALUES (994, 'ML116LT24', 'ФР116-ТК24', 116, 24)
INSERT dbo.product VALUES (995, 'ML54LT86', 'ФР54-ТК86', 54, 86)
INSERT dbo.product VALUES (996, 'ML58LT27', 'ФР58-ТК27', 58, 27)
INSERT dbo.product VALUES (997, 'ML97LT88', 'ФР97-ТК88', 97, 88)
INSERT dbo.product VALUES (998, 'ML73LT13', 'ФР73-ТК13', 73, 13)
INSERT dbo.product VALUES (999, 'ML81LT109', 'ФР81-ТК109', 81, 109)
INSERT dbo.product VALUES (1000, 'ML44LT149', 'ФР44-ТК149', 44, 149)
INSERT dbo.product VALUES (1001, 'ML81LT15', 'ФР81-ТК15', 81, 15)
INSERT dbo.product VALUES (1002, 'ML38LT157', 'ФР38-ТК157', 38, 157)
INSERT dbo.product VALUES (1003, 'ML38LT42', 'ФР38-ТК42', 38, 42)
INSERT dbo.product VALUES (1004, 'ML22LT76', 'ФР22-ТК76', 22, 76)
INSERT dbo.product VALUES (1005, 'ML49LT141', 'ФР49-ТК141', 49, 141)
INSERT dbo.product VALUES (1006, 'ML67LT69', 'ФР67-ТК69', 67, 69)
INSERT dbo.product VALUES (1007, 'ML51LT71', 'ФР51-ТК71', 51, 71)
INSERT dbo.product VALUES (1008, 'ML75LT61', 'ФР75-ТК61', 75, 61)
INSERT dbo.product VALUES (1009, 'ML67LT136', 'ФР67-ТК136', 67, 136)
INSERT dbo.product VALUES (1010, 'ML88LT94', 'ФР88-ТК94', 88, 94)
INSERT dbo.product VALUES (1011, 'ML26LT36', 'ФР26-ТК36', 26, 36)
INSERT dbo.product VALUES (1012, 'ML84LT53', 'ФР84-ТК53', 84, 53)
INSERT dbo.product VALUES (1013, 'ML60LT85', 'ФР60-ТК85', 60, 85)
INSERT dbo.product VALUES (1014, 'ML73LT16', 'ФР73-ТК16', 73, 16)
INSERT dbo.product VALUES (1015, 'ML40LT127', 'ФР40-ТК127', 40, 127)
INSERT dbo.product VALUES (1016, 'ML82LT121', 'ФР82-ТК121', 82, 121)
INSERT dbo.product VALUES (1017, 'ML100LT100', 'ФР100-ТК100', 100, 100)
INSERT dbo.product VALUES (1018, 'ML54LT59', 'ФР54-ТК59', 54, 59)
INSERT dbo.product VALUES (1019, 'ML51LT73', 'ФР51-ТК73', 51, 73)
INSERT dbo.product VALUES (1020, 'ML40LT42', 'ФР40-ТК42', 40, 42)
INSERT dbo.product VALUES (1021, 'ML45LT42', 'ФР45-ТК42', 45, 42)
INSERT dbo.product VALUES (1022, 'ML53LT46', 'ФР53-ТК46', 53, 46)
INSERT dbo.product VALUES (1023, 'ML105LT149', 'ФР105-ТК149', 105, 149)
INSERT dbo.product VALUES (1024, 'ML93LT150', 'ФР93-ТК150', 93, 150)
INSERT dbo.product VALUES (1025, 'ML114LT10', 'ФР114-ТК10', 114, 10)
INSERT dbo.product VALUES (1026, 'ML37LT115', 'ФР37-ТК115', 37, 115)
INSERT dbo.product VALUES (1027, 'ML89LT89', 'ФР89-ТК89', 89, 89)
INSERT dbo.product VALUES (1028, 'ML95LT99', 'ФР95-ТК99', 95, 99)
INSERT dbo.product VALUES (1029, 'ML43LT83', 'ФР43-ТК83', 43, 83)
INSERT dbo.product VALUES (1030, 'ML119LT36', 'ФР119-ТК36', 119, 36)
INSERT dbo.product VALUES (1031, 'ML79LT115', 'ФР79-ТК115', 79, 115)
INSERT dbo.product VALUES (1032, 'ML74LT21', 'ФР74-ТК21', 74, 21)
INSERT dbo.product VALUES (1033, 'ML83LT95', 'ФР83-ТК95', 83, 95)
INSERT dbo.product VALUES (1034, 'ML101LT40', 'ФР101-ТК40', 101, 40)
INSERT dbo.product VALUES (1035, 'ML28LT36', 'ФР28-ТК36', 28, 36)
INSERT dbo.product VALUES (1036, 'ML43LT86', 'ФР43-ТК86', 43, 86)
INSERT dbo.product VALUES (1037, 'ML71LT147', 'ФР71-ТК147', 71, 147)
INSERT dbo.product VALUES (1038, 'ML32LT23', 'ФР32-ТК23', 32, 23)
INSERT dbo.product VALUES (1039, 'ML30LT100', 'ФР30-ТК100', 30, 100)
INSERT dbo.product VALUES (1040, 'ML61LT54', 'ФР61-ТК54', 61, 54)
INSERT dbo.product VALUES (1041, 'ML87LT105', 'ФР87-ТК105', 87, 105)
INSERT dbo.product VALUES (1042, 'ML119LT135', 'ФР119-ТК135', 119, 135)
INSERT dbo.product VALUES (1043, 'ML50LT87', 'ФР50-ТК87', 50, 87)
INSERT dbo.product VALUES (1044, 'ML54LT129', 'ФР54-ТК129', 54, 129)
INSERT dbo.product VALUES (1045, 'ML47LT17', 'ФР47-ТК17', 47, 17)
INSERT dbo.product VALUES (1046, 'ML76LT143', 'ФР76-ТК143', 76, 143)
INSERT dbo.product VALUES (1047, 'ML82LT114', 'ФР82-ТК114', 82, 114)
INSERT dbo.product VALUES (1048, 'ML47LT84', 'ФР47-ТК84', 47, 84)
INSERT dbo.product VALUES (1049, 'ML117LT101', 'ФР117-ТК101', 117, 101)
INSERT dbo.product VALUES (1050, 'ML31LT124', 'ФР31-ТК124', 31, 124)
INSERT dbo.product VALUES (1051, 'ML49LT157', 'ФР49-ТК157', 49, 157)
INSERT dbo.product VALUES (1052, 'ML76LT157', 'ФР76-ТК157', 76, 157)
INSERT dbo.product VALUES (1053, 'ML37LT133', 'ФР37-ТК133', 37, 133)
INSERT dbo.product VALUES (1054, 'ML43LT40', 'ФР43-ТК40', 43, 40)
INSERT dbo.product VALUES (1055, 'ML53LT121', 'ФР53-ТК121', 53, 121)
INSERT dbo.product VALUES (1056, 'ML109LT104', 'ФР109-ТК104', 109, 104)
INSERT dbo.product VALUES (1057, 'ML107LT73', 'ФР107-ТК73', 107, 73)
INSERT dbo.product VALUES (1058, 'ML35LT50', 'ФР35-ТК50', 35, 50)
INSERT dbo.product VALUES (1059, 'ML70LT74', 'ФР70-ТК74', 70, 74)
INSERT dbo.product VALUES (1060, 'ML30LT84', 'ФР30-ТК84', 30, 84)
INSERT dbo.product VALUES (1061, 'ML104LT125', 'ФР104-ТК125', 104, 125)
INSERT dbo.product VALUES (1062, 'ML89LT117', 'ФР89-ТК117', 89, 117)
INSERT dbo.product VALUES (1063, 'ML98LT14', 'ФР98-ТК14', 98, 14)
INSERT dbo.product VALUES (1064, 'ML111LT18', 'ФР111-ТК18', 111, 18)
INSERT dbo.product VALUES (1065, 'ML105LT29', 'ФР105-ТК29', 105, 29)
INSERT dbo.product VALUES (1066, 'ML114LT35', 'ФР114-ТК35', 114, 35)
INSERT dbo.product VALUES (1067, 'ML46LT126', 'ФР46-ТК126', 46, 126)
INSERT dbo.product VALUES (1068, 'ML110LT49', 'ФР110-ТК49', 110, 49)
INSERT dbo.product VALUES (1069, 'ML39LT14', 'ФР39-ТК14', 39, 14)
INSERT dbo.product VALUES (1070, 'ML112LT52', 'ФР112-ТК52', 112, 52)
INSERT dbo.product VALUES (1071, 'ML44LT73', 'ФР44-ТК73', 44, 73)
INSERT dbo.product VALUES (1072, 'ML37LT75', 'ФР37-ТК75', 37, 75)
INSERT dbo.product VALUES (1073, 'ML30LT59', 'ФР30-ТК59', 30, 59)
INSERT dbo.product VALUES (1074, 'ML58LT142', 'ФР58-ТК142', 58, 142)
INSERT dbo.product VALUES (1075, 'ML119LT145', 'ФР119-ТК145', 119, 145)
INSERT dbo.product VALUES (1076, 'ML36LT89', 'ФР36-ТК89', 36, 89)
INSERT dbo.product VALUES (1077, 'ML89LT151', 'ФР89-ТК151', 89, 151)
INSERT dbo.product VALUES (1078, 'ML59LT99', 'ФР59-ТК99', 59, 99)
INSERT dbo.product VALUES (1079, 'ML49LT115', 'ФР49-ТК115', 49, 115)
INSERT dbo.product VALUES (1080, 'ML94LT73', 'ФР94-ТК73', 94, 73)
INSERT dbo.product VALUES (1081, 'ML73LT75', 'ФР73-ТК75', 73, 75)
INSERT dbo.product VALUES (1082, 'ML55LT154', 'ФР55-ТК154', 55, 154)
INSERT dbo.product VALUES (1083, 'ML116LT108', 'ФР116-ТК108', 116, 108)
INSERT dbo.product VALUES (1084, 'ML74LT131', 'ФР74-ТК131', 74, 131)
INSERT dbo.product VALUES (1085, 'ML38LT46', 'ФР38-ТК46', 38, 46)
INSERT dbo.product VALUES (1086, 'ML112LT150', 'ФР112-ТК150', 112, 150)
INSERT dbo.product VALUES (1087, 'ML80LT52', 'ФР80-ТК52', 80, 52)
INSERT dbo.product VALUES (1088, 'ML54LT118', 'ФР54-ТК118', 54, 118)
INSERT dbo.product VALUES (1089, 'ML91LT100', 'ФР91-ТК100', 91, 100)
INSERT dbo.product VALUES (1090, 'ML32LT12', 'ФР32-ТК12', 32, 12)
INSERT dbo.product VALUES (1091, 'ML23LT59', 'ФР23-ТК59', 23, 59)
INSERT dbo.product VALUES (1092, 'ML38LT105', 'ФР38-ТК105', 38, 105)
INSERT dbo.product VALUES (1093, 'ML80LT138', 'ФР80-ТК138', 80, 138)
INSERT dbo.product VALUES (1094, 'ML28LT156', 'ФР28-ТК156', 28, 156)
INSERT dbo.product VALUES (1095, 'ML46LT106', 'ФР46-ТК106', 46, 106)
INSERT dbo.product VALUES (1096, 'ML115LT82', 'ФР115-ТК82', 115, 82)
INSERT dbo.product VALUES (1097, 'ML89LT56', 'ФР89-ТК56', 89, 56)
INSERT dbo.product VALUES (1098, 'ML58LT33', 'ФР58-ТК33', 58, 33)
INSERT dbo.product VALUES (1099, 'ML75LT18', 'ФР75-ТК18', 75, 18)
INSERT dbo.product VALUES (1100, 'ML82LT103', 'ФР82-ТК103', 82, 103)
INSERT dbo.product VALUES (1101, 'ML35LT142', 'ФР35-ТК142', 35, 142)
INSERT dbo.product VALUES (1102, 'ML99LT158', 'ФР99-ТК158', 99, 158)
INSERT dbo.product VALUES (1103, 'ML109LT144', 'ФР109-ТК144', 109, 144)
INSERT dbo.product VALUES (1104, 'ML41LT115', 'ФР41-ТК115', 41, 115)
INSERT dbo.product VALUES (1105, 'ML92LT159', 'ФР92-ТК159', 92, 159)
INSERT dbo.product VALUES (1106, 'ML54LT40', 'ФР54-ТК40', 54, 40)
INSERT dbo.product VALUES (1107, 'ML90LT42', 'ФР90-ТК42', 90, 42)
INSERT dbo.product VALUES (1108, 'ML30LT124', 'ФР30-ТК124', 30, 124)
INSERT dbo.product VALUES (1109, 'ML117LT20', 'ФР117-ТК20', 117, 20)
INSERT dbo.product VALUES (1110, 'ML65LT158', 'ФР65-ТК158', 65, 158)
INSERT dbo.product VALUES (1111, 'ML93LT108', 'ФР93-ТК108', 93, 108)
INSERT dbo.product VALUES (1112, 'ML39LT84', 'ФР39-ТК84', 39, 84)
INSERT dbo.product VALUES (1113, 'ML97LT130', 'ФР97-ТК130', 97, 130)
INSERT dbo.product VALUES (1114, 'ML40LT100', 'ФР40-ТК100', 40, 100)
INSERT dbo.product VALUES (1115, 'ML105LT25', 'ФР105-ТК25', 105, 25)
INSERT dbo.product VALUES (1116, 'ML88LT83', 'ФР88-ТК83', 88, 83)
INSERT dbo.product VALUES (1117, 'ML49LT85', 'ФР49-ТК85', 49, 85)
INSERT dbo.product VALUES (1118, 'ML99LT67', 'ФР99-ТК67', 99, 67)
INSERT dbo.product VALUES (1119, 'ML105LT152', 'ФР105-ТК152', 105, 152)
INSERT dbo.product VALUES (1120, 'ML111LT45', 'ФР111-ТК45', 111, 45)
INSERT dbo.product VALUES (1121, 'ML108LT118', 'ФР108-ТК118', 108, 118)
INSERT dbo.product VALUES (1122, 'ML77LT68', 'ФР77-ТК68', 77, 68)
INSERT dbo.product VALUES (1123, 'ML51LT22', 'ФР51-ТК22', 51, 22)
INSERT dbo.product VALUES (1124, 'ML64LT144', 'ФР64-ТК144', 64, 144)
INSERT dbo.product VALUES (1125, 'ML64LT29', 'ФР64-ТК29', 64, 29)
INSERT dbo.product VALUES (1126, 'ML92LT142', 'ФР92-ТК142', 92, 142)
INSERT dbo.product VALUES (1127, 'ML83LT73', 'ФР83-ТК73', 83, 73)
INSERT dbo.product VALUES (1128, 'ML40LT82', 'ФР40-ТК82', 40, 82)
INSERT dbo.product VALUES (1129, 'ML34LT145', 'ФР34-ТК145', 34, 145)
INSERT dbo.product VALUES (1130, 'ML22LT152', 'ФР22-ТК152', 22, 152)
INSERT dbo.product VALUES (1131, 'ML118LT74', 'ФР118-ТК74', 118, 74)
INSERT dbo.product VALUES (1132, 'ML87LT73', 'ФР87-ТК73', 87, 73)
INSERT dbo.product VALUES (1133, 'ML41LT126', 'ФР41-ТК126', 41, 126)
INSERT dbo.product VALUES (1134, 'ML62LT71', 'ФР62-ТК71', 62, 71)
INSERT dbo.product VALUES (1135, 'ML36LT134', 'ФР36-ТК134', 36, 134)
INSERT dbo.product VALUES (1136, 'ML81LT126', 'ФР81-ТК126', 81, 126)
INSERT dbo.product VALUES (1137, 'ML90LT22', 'ФР90-ТК22', 90, 22)
INSERT dbo.product VALUES (1138, 'ML60LT41', 'ФР60-ТК41', 60, 41)
INSERT dbo.product VALUES (1139, 'ML110LT99', 'ФР110-ТК99', 110, 99)
INSERT dbo.product VALUES (1140, 'ML86LT53', 'ФР86-ТК53', 86, 53)
INSERT dbo.product VALUES (1141, 'ML63LT122', 'ФР63-ТК122', 63, 122)
INSERT dbo.product VALUES (1142, 'ML107LT66', 'ФР107-ТК66', 107, 66)
INSERT dbo.product VALUES (1143, 'ML32LT46', 'ФР32-ТК46', 32, 46)
INSERT dbo.product VALUES (1144, 'ML81LT31', 'ФР81-ТК31', 81, 31)
INSERT dbo.product VALUES (1145, 'ML52LT102', 'ФР52-ТК102', 52, 102)
INSERT dbo.product VALUES (1146, 'ML100LT116', 'ФР100-ТК116', 100, 116)
INSERT dbo.product VALUES (1147, 'ML53LT62', 'ФР53-ТК62', 53, 62)
INSERT dbo.product VALUES (1148, 'ML30LT103', 'ФР30-ТК103', 30, 103)
INSERT dbo.product VALUES (1149, 'ML30LT144', 'ФР30-ТК144', 30, 144)
INSERT dbo.product VALUES (1150, 'ML81LT114', 'ФР81-ТК114', 81, 114)
INSERT dbo.product VALUES (1151, 'ML71LT128', 'ФР71-ТК128', 71, 128)
INSERT dbo.product VALUES (1152, 'ML32LT156', 'ФР32-ТК156', 32, 156)
INSERT dbo.product VALUES (1153, 'ML94LT51', 'ФР94-ТК51', 94, 51)
INSERT dbo.product VALUES (1154, 'ML52LT90', 'ФР52-ТК90', 52, 90)
INSERT dbo.product VALUES (1155, 'ML34LT46', 'ФР34-ТК46', 34, 46)
INSERT dbo.product VALUES (1156, 'ML119LT74', 'ФР119-ТК74', 119, 74)
INSERT dbo.product VALUES (1157, 'ML73LT124', 'ФР73-ТК124', 73, 124)
INSERT dbo.product VALUES (1158, 'ML38LT41', 'ФР38-ТК41', 38, 41)
INSERT dbo.product VALUES (1159, 'ML27LT83', 'ФР27-ТК83', 27, 83)
INSERT dbo.product VALUES (1160, 'ML73LT20', 'ФР73-ТК20', 73, 20)
INSERT dbo.product VALUES (1161, 'ML102LT78', 'ФР102-ТК78', 102, 78)
INSERT dbo.product VALUES (1162, 'ML111LT114', 'ФР111-ТК114', 111, 114)
INSERT dbo.product VALUES (1163, 'ML48LT72', 'ФР48-ТК72', 48, 72)
INSERT dbo.product VALUES (1164, 'ML23LT155', 'ФР23-ТК155', 23, 155)
INSERT dbo.product VALUES (1165, 'ML49LT31', 'ФР49-ТК31', 49, 31)
INSERT dbo.product VALUES (1166, 'ML92LT153', 'ФР92-ТК153', 92, 153)
INSERT dbo.product VALUES (1167, 'ML33LT128', 'ФР33-ТК128', 33, 128)
INSERT dbo.product VALUES (1168, 'ML37LT19', 'ФР37-ТК19', 37, 19)
INSERT dbo.product VALUES (1169, 'ML32LT16', 'ФР32-ТК16', 32, 16)
INSERT dbo.product VALUES (1170, 'ML74LT67', 'ФР74-ТК67', 74, 67)
INSERT dbo.product VALUES (1171, 'ML78LT117', 'ФР78-ТК117', 78, 117)
INSERT dbo.product VALUES (1172, 'ML40LT92', 'ФР40-ТК92', 40, 92)
INSERT dbo.product VALUES (1173, 'ML90LT108', 'ФР90-ТК108', 90, 108)
INSERT dbo.product VALUES (1174, 'ML94LT137', 'ФР94-ТК137', 94, 137)
INSERT dbo.product VALUES (1175, 'ML90LT124', 'ФР90-ТК124', 90, 124)
INSERT dbo.product VALUES (1176, 'ML106LT43', 'ФР106-ТК43', 106, 43)
INSERT dbo.product VALUES (1177, 'ML118LT134', 'ФР118-ТК134', 118, 134)
INSERT dbo.product VALUES (1178, 'ML25LT126', 'ФР25-ТК126', 25, 126)
INSERT dbo.product VALUES (1179, 'ML106LT34', 'ФР106-ТК34', 106, 34)
INSERT dbo.product VALUES (1180, 'ML36LT117', 'ФР36-ТК117', 36, 117)
INSERT dbo.product VALUES (1181, 'ML74LT97', 'ФР74-ТК97', 74, 97)
INSERT dbo.product VALUES (1182, 'ML86LT111', 'ФР86-ТК111', 86, 111)
INSERT dbo.product VALUES (1183, 'ML116LT143', 'ФР116-ТК143', 116, 143)
INSERT dbo.product VALUES (1184, 'ML28LT64', 'ФР28-ТК64', 28, 64)
INSERT dbo.product VALUES (1185, 'ML99LT133', 'ФР99-ТК133', 99, 133)
INSERT dbo.product VALUES (1186, 'ML74LT86', 'ФР74-ТК86', 74, 86)
INSERT dbo.product VALUES (1187, 'ML104LT153', 'ФР104-ТК153', 104, 153)
INSERT dbo.product VALUES (1188, 'ML50LT20', 'ФР50-ТК20', 50, 20)
INSERT dbo.product VALUES (1189, 'ML29LT139', 'ФР29-ТК139', 29, 139)
INSERT dbo.product VALUES (1190, 'ML77LT30', 'ФР77-ТК30', 77, 30)
INSERT dbo.product VALUES (1191, 'ML78LT108', 'ФР78-ТК108', 78, 108)
INSERT dbo.product VALUES (1192, 'ML24LT159', 'ФР24-ТК159', 24, 159)
INSERT dbo.product VALUES (1193, 'ML47LT63', 'ФР47-ТК63', 47, 63)
INSERT dbo.product VALUES (1194, 'ML72LT102', 'ФР72-ТК102', 72, 102)
INSERT dbo.product VALUES (1195, 'ML106LT21', 'ФР106-ТК21', 106, 21)
INSERT dbo.product VALUES (1196, 'ML25LT30', 'ФР25-ТК30', 25, 30)
INSERT dbo.product VALUES (1197, 'ML35LT148', 'ФР35-ТК148', 35, 148)
INSERT dbo.product VALUES (1198, 'ML91LT17', 'ФР91-ТК17', 91, 17)
INSERT dbo.product VALUES (1199, 'ML24LT98', 'ФР24-ТК98', 24, 98)
INSERT dbo.product VALUES (1200, 'ML34LT12', 'ФР34-ТК12', 34, 12)
INSERT dbo.product VALUES (1201, 'ML106LT119', 'ФР106-ТК119', 106, 119)
INSERT dbo.product VALUES (1202, 'ML105LT23', 'ФР105-ТК23', 105, 23)
INSERT dbo.product VALUES (1203, 'ML54LT50', 'ФР54-ТК50', 54, 50)
INSERT dbo.product VALUES (1204, 'ML26LT124', 'ФР26-ТК124', 26, 124)
INSERT dbo.product VALUES (1205, 'ML41LT39', 'ФР41-ТК39', 41, 39)
INSERT dbo.product VALUES (1206, 'ML103LT21', 'ФР103-ТК21', 103, 21)
INSERT dbo.product VALUES (1207, 'ML97LT78', 'ФР97-ТК78', 97, 78)
INSERT dbo.product VALUES (1208, 'ML23LT13', 'ФР23-ТК13', 23, 13)
INSERT dbo.product VALUES (1209, 'ML30LT108', 'ФР30-ТК108', 30, 108)
INSERT dbo.product VALUES (1210, 'ML108LT28', 'ФР108-ТК28', 108, 28)
INSERT dbo.product VALUES (1211, 'ML78LT142', 'ФР78-ТК142', 78, 142)
INSERT dbo.product VALUES (1212, 'ML47LT57', 'ФР47-ТК57', 47, 57)
INSERT dbo.product VALUES (1213, 'ML57LT72', 'ФР57-ТК72', 57, 72)
INSERT dbo.product VALUES (1214, 'ML37LT93', 'ФР37-ТК93', 37, 93)
INSERT dbo.product VALUES (1215, 'ML20LT140', 'ФР20-ТК140', 20, 140)
INSERT dbo.product VALUES (1216, 'ML53LT42', 'ФР53-ТК42', 53, 42)
INSERT dbo.product VALUES (1217, 'ML61LT146', 'ФР61-ТК146', 61, 146)
INSERT dbo.product VALUES (1218, 'ML72LT43', 'ФР72-ТК43', 72, 43)
INSERT dbo.product VALUES (1219, 'ML74LT16', 'ФР74-ТК16', 74, 16)
INSERT dbo.product VALUES (1220, 'ML34LT153', 'ФР34-ТК153', 34, 153)
INSERT dbo.product VALUES (1221, 'ML101LT140', 'ФР101-ТК140', 101, 140)
INSERT dbo.product VALUES (1222, 'ML51LT41', 'ФР51-ТК41', 51, 41)
INSERT dbo.product VALUES (1223, 'ML114LT15', 'ФР114-ТК15', 114, 15)
INSERT dbo.product VALUES (1224, 'ML97LT104', 'ФР97-ТК104', 97, 104)
INSERT dbo.product VALUES (1225, 'ML109LT22', 'ФР109-ТК22', 109, 22)
INSERT dbo.product VALUES (1226, 'ML54LT31', 'ФР54-ТК31', 54, 31)
INSERT dbo.product VALUES (1227, 'ML64LT17', 'ФР64-ТК17', 64, 17)
INSERT dbo.product VALUES (1228, 'ML111LT69', 'ФР111-ТК69', 111, 69)
INSERT dbo.product VALUES (1229, 'ML62LT53', 'ФР62-ТК53', 62, 53)
INSERT dbo.product VALUES (1230, 'ML29LT78', 'ФР29-ТК78', 29, 78)
INSERT dbo.product VALUES (1231, 'ML98LT22', 'ФР98-ТК22', 98, 22)
INSERT dbo.product VALUES (1232, 'ML94LT89', 'ФР94-ТК89', 94, 89)
INSERT dbo.product VALUES (1233, 'ML107LT131', 'ФР107-ТК131', 107, 131)
INSERT dbo.product VALUES (1234, 'ML87LT58', 'ФР87-ТК58', 87, 58)
INSERT dbo.product VALUES (1235, 'ML48LT150', 'ФР48-ТК150', 48, 150)
INSERT dbo.product VALUES (1236, 'ML42LT87', 'ФР42-ТК87', 42, 87)
INSERT dbo.product VALUES (1237, 'ML44LT85', 'ФР44-ТК85', 44, 85)
INSERT dbo.product VALUES (1238, 'ML111LT94', 'ФР111-ТК94', 111, 94)
INSERT dbo.product VALUES (1239, 'ML61LT48', 'ФР61-ТК48', 61, 48)
INSERT dbo.product VALUES (1240, 'ML97LT68', 'ФР97-ТК68', 97, 68)
INSERT dbo.product VALUES (1241, 'ML47LT95', 'ФР47-ТК95', 47, 95)
INSERT dbo.product VALUES (1242, 'ML116LT26', 'ФР116-ТК26', 116, 26)
INSERT dbo.product VALUES (1243, 'ML72LT81', 'ФР72-ТК81', 72, 81)
INSERT dbo.product VALUES (1244, 'ML98LT61', 'ФР98-ТК61', 98, 61)
INSERT dbo.product VALUES (1245, 'ML54LT73', 'ФР54-ТК73', 54, 73)
INSERT dbo.product VALUES (1246, 'ML109LT88', 'ФР109-ТК88', 109, 88)
INSERT dbo.product VALUES (1247, 'ML44LT129', 'ФР44-ТК129', 44, 129)
INSERT dbo.product VALUES (1248, 'ML86LT95', 'ФР86-ТК95', 86, 95)
INSERT dbo.product VALUES (1249, 'ML117LT102', 'ФР117-ТК102', 117, 102)
INSERT dbo.product VALUES (1250, 'ML45LT84', 'ФР45-ТК84', 45, 84)
INSERT dbo.product VALUES (1251, 'ML31LT138', 'ФР31-ТК138', 31, 138)
INSERT dbo.product VALUES (1252, 'ML82LT113', 'ФР82-ТК113', 82, 113)
INSERT dbo.product VALUES (1253, 'ML71LT143', 'ФР71-ТК143', 71, 143)
INSERT dbo.product VALUES (1254, 'ML47LT121', 'ФР47-ТК121', 47, 121)
INSERT dbo.product VALUES (1255, 'ML70LT100', 'ФР70-ТК100', 70, 100)
INSERT dbo.product VALUES (1256, 'ML53LT117', 'ФР53-ТК117', 53, 117)
INSERT dbo.product VALUES (1257, 'ML102LT56', 'ФР102-ТК56', 102, 56)
INSERT dbo.product VALUES (1258, 'ML93LT139', 'ФР93-ТК139', 93, 139)
INSERT dbo.product VALUES (1259, 'ML89LT83', 'ФР89-ТК83', 89, 83)
INSERT dbo.product VALUES (1260, 'ML35LT41', 'ФР35-ТК41', 35, 41)
INSERT dbo.product VALUES (1261, 'ML108LT10', 'ФР108-ТК10', 108, 10)
INSERT dbo.product VALUES (1262, 'ML21LT76', 'ФР21-ТК76', 21, 76)
INSERT dbo.product VALUES (1263, 'ML61LT47', 'ФР61-ТК47', 61, 47)
INSERT dbo.product VALUES (1264, 'ML64LT36', 'ФР64-ТК36', 64, 36)
INSERT dbo.product VALUES (1265, 'ML91LT144', 'ФР91-ТК144', 91, 144)
INSERT dbo.product VALUES (1266, 'ML31LT62', 'ФР31-ТК62', 31, 62)
INSERT dbo.product VALUES (1267, 'ML104LT10', 'ФР104-ТК10', 104, 10)
INSERT dbo.product VALUES (1268, 'ML50LT152', 'ФР50-ТК152', 50, 152)
INSERT dbo.product VALUES (1269, 'ML64LT53', 'ФР64-ТК53', 64, 53)
INSERT dbo.product VALUES (1270, 'ML107LT152', 'ФР107-ТК152', 107, 152)
INSERT dbo.product VALUES (1271, 'ML100LT132', 'ФР100-ТК132', 100, 132)
INSERT dbo.product VALUES (1272, 'ML75LT21', 'ФР75-ТК21', 75, 21)
INSERT dbo.product VALUES (1273, 'ML51LT98', 'ФР51-ТК98', 51, 98)
INSERT dbo.product VALUES (1274, 'ML30LT44', 'ФР30-ТК44', 30, 44)
INSERT dbo.product VALUES (1275, 'ML117LT12', 'ФР117-ТК12', 117, 12)
INSERT dbo.product VALUES (1276, 'ML116LT118', 'ФР116-ТК118', 116, 118)
INSERT dbo.product VALUES (1277, 'ML80LT21', 'ФР80-ТК21', 80, 21)
INSERT dbo.product VALUES (1278, 'ML77LT136', 'ФР77-ТК136', 77, 136)
INSERT dbo.product VALUES (1279, 'ML101LT39', 'ФР101-ТК39', 101, 39)
INSERT dbo.product VALUES (1280, 'ML33LT81', 'ФР33-ТК81', 33, 81)
INSERT dbo.product VALUES (1281, 'ML44LT50', 'ФР44-ТК50', 44, 50)
INSERT dbo.product VALUES (1282, 'ML20LT58', 'ФР20-ТК58', 20, 58)
INSERT dbo.product VALUES (1283, 'ML81LT120', 'ФР81-ТК120', 81, 120)
INSERT dbo.product VALUES (1284, 'ML102LT18', 'ФР102-ТК18', 102, 18)
INSERT dbo.product VALUES (1285, 'ML67LT138', 'ФР67-ТК138', 67, 138)
INSERT dbo.product VALUES (1286, 'ML53LT128', 'ФР53-ТК128', 53, 128)
INSERT dbo.product VALUES (1287, 'ML90LT100', 'ФР90-ТК100', 90, 100)
INSERT dbo.product VALUES (1288, 'ML55LT45', 'ФР55-ТК45', 55, 45)
INSERT dbo.product VALUES (1289, 'ML99LT94', 'ФР99-ТК94', 99, 94)
INSERT dbo.product VALUES (1290, 'ML91LT97', 'ФР91-ТК97', 91, 97)
INSERT dbo.product VALUES (1291, 'ML62LT11', 'ФР62-ТК11', 62, 11)
INSERT dbo.product VALUES (1292, 'ML100LT12', 'ФР100-ТК12', 100, 12)
INSERT dbo.product VALUES (1293, 'ML99LT93', 'ФР99-ТК93', 99, 93)
INSERT dbo.product VALUES (1294, 'ML59LT67', 'ФР59-ТК67', 59, 67)
INSERT dbo.product VALUES (1295, 'ML95LT73', 'ФР95-ТК73', 95, 73)
INSERT dbo.product VALUES (1296, 'ML35LT53', 'ФР35-ТК53', 35, 53)
INSERT dbo.product VALUES (1297, 'ML57LT89', 'ФР57-ТК89', 57, 89)
INSERT dbo.product VALUES (1298, 'ML38LT100', 'ФР38-ТК100', 38, 100)
INSERT dbo.product VALUES (1299, 'ML44LT121', 'ФР44-ТК121', 44, 121)
INSERT dbo.product VALUES (1300, 'ML52LT45', 'ФР52-ТК45', 52, 45)
INSERT dbo.product VALUES (1301, 'ML64LT15', 'ФР64-ТК15', 64, 15)
INSERT dbo.product VALUES (1302, 'ML40LT48', 'ФР40-ТК48', 40, 48)
INSERT dbo.product VALUES (1303, 'ML55LT92', 'ФР55-ТК92', 55, 92)
INSERT dbo.product VALUES (1304, 'ML21LT155', 'ФР21-ТК155', 21, 155)
INSERT dbo.product VALUES (1305, 'ML62LT63', 'ФР62-ТК63', 62, 63)
INSERT dbo.product VALUES (1306, 'ML23LT122', 'ФР23-ТК122', 23, 122)
INSERT dbo.product VALUES (1307, 'ML110LT87', 'ФР110-ТК87', 110, 87)
INSERT dbo.product VALUES (1308, 'ML83LT35', 'ФР83-ТК35', 83, 35)
INSERT dbo.product VALUES (1309, 'ML93LT25', 'ФР93-ТК25', 93, 25)
INSERT dbo.product VALUES (1310, 'ML66LT126', 'ФР66-ТК126', 66, 126)
INSERT dbo.product VALUES (1311, 'ML52LT147', 'ФР52-ТК147', 52, 147)
INSERT dbo.product VALUES (1312, 'ML100LT139', 'ФР100-ТК139', 100, 139)
INSERT dbo.product VALUES (1313, 'ML118LT50', 'ФР118-ТК50', 118, 50)
INSERT dbo.product VALUES (1314, 'ML30LT78', 'ФР30-ТК78', 30, 78)
INSERT dbo.product VALUES (1315, 'ML87LT159', 'ФР87-ТК159', 87, 159)
INSERT dbo.product VALUES (1316, 'ML101LT150', 'ФР101-ТК150', 101, 150)
INSERT dbo.product VALUES (1317, 'ML113LT136', 'ФР113-ТК136', 113, 136)
INSERT dbo.product VALUES (1318, 'ML54LT82', 'ФР54-ТК82', 54, 82)
INSERT dbo.product VALUES (1319, 'ML89LT148', 'ФР89-ТК148', 89, 148)
INSERT dbo.product VALUES (1320, 'ML70LT141', 'ФР70-ТК141', 70, 141)
INSERT dbo.product VALUES (1321, 'ML101LT85', 'ФР101-ТК85', 101, 85)
INSERT dbo.product VALUES (1322, 'ML110LT136', 'ФР110-ТК136', 110, 136)
INSERT dbo.product VALUES (1323, 'ML51LT54', 'ФР51-ТК54', 51, 54)
INSERT dbo.product VALUES (1324, 'ML26LT125', 'ФР26-ТК125', 26, 125)
INSERT dbo.product VALUES (1325, 'ML106LT32', 'ФР106-ТК32', 106, 32)
INSERT dbo.product VALUES (1326, 'ML29LT45', 'ФР29-ТК45', 29, 45)
INSERT dbo.product VALUES (1327, 'ML99LT105', 'ФР99-ТК105', 99, 105)
INSERT dbo.product VALUES (1328, 'ML98LT28', 'ФР98-ТК28', 98, 28)
INSERT dbo.product VALUES (1329, 'ML97LT35', 'ФР97-ТК35', 97, 35)
INSERT dbo.product VALUES (1330, 'ML36LT48', 'ФР36-ТК48', 36, 48)
INSERT dbo.product VALUES (1331, 'ML56LT114', 'ФР56-ТК114', 56, 114)
INSERT dbo.product VALUES (1332, 'ML39LT125', 'ФР39-ТК125', 39, 125)
INSERT dbo.product VALUES (1333, 'ML25LT41', 'ФР25-ТК41', 25, 41)
INSERT dbo.product VALUES (1334, 'ML72LT142', 'ФР72-ТК142', 72, 142)
INSERT dbo.product VALUES (1335, 'ML34LT35', 'ФР34-ТК35', 34, 35)
INSERT dbo.product VALUES (1336, 'ML66LT153', 'ФР66-ТК153', 66, 153)
INSERT dbo.product VALUES (1337, 'ML94LT56', 'ФР94-ТК56', 94, 56)
INSERT dbo.product VALUES (1338, 'ML74LT34', 'ФР74-ТК34', 74, 34)
INSERT dbo.product VALUES (1339, 'ML46LT76', 'ФР46-ТК76', 46, 76)
INSERT dbo.product VALUES (1340, 'ML92LT76', 'ФР92-ТК76', 92, 76)
INSERT dbo.product VALUES (1341, 'ML62LT103', 'ФР62-ТК103', 62, 103)
INSERT dbo.product VALUES (1342, 'ML105LT138', 'ФР105-ТК138', 105, 138)
INSERT dbo.product VALUES (1343, 'ML115LT17', 'ФР115-ТК17', 115, 17)
INSERT dbo.product VALUES (1344, 'ML79LT33', 'ФР79-ТК33', 79, 33)
INSERT dbo.product VALUES (1345, 'ML109LT138', 'ФР109-ТК138', 109, 138)
INSERT dbo.product VALUES (1346, 'ML60LT119', 'ФР60-ТК119', 60, 119)
INSERT dbo.product VALUES (1347, 'ML43LT128', 'ФР43-ТК128', 43, 128)
INSERT dbo.product VALUES (1348, 'ML63LT22', 'ФР63-ТК22', 63, 22)
INSERT dbo.product VALUES (1349, 'ML87LT87', 'ФР87-ТК87', 87, 87)
INSERT dbo.product VALUES (1350, 'ML79LT137', 'ФР79-ТК137', 79, 137)
INSERT dbo.product VALUES (1351, 'ML92LT67', 'ФР92-ТК67', 92, 67)
INSERT dbo.product VALUES (1352, 'ML39LT25', 'ФР39-ТК25', 39, 25)
INSERT dbo.product VALUES (1353, 'ML119LT46', 'ФР119-ТК46', 119, 46)
INSERT dbo.product VALUES (1354, 'ML71LT125', 'ФР71-ТК125', 71, 125)
INSERT dbo.product VALUES (1355, 'ML44LT142', 'ФР44-ТК142', 44, 142)
INSERT dbo.product VALUES (1356, 'ML115LT50', 'ФР115-ТК50', 115, 50)
INSERT dbo.product VALUES (1357, 'ML32LT33', 'ФР32-ТК33', 32, 33)
INSERT dbo.product VALUES (1358, 'ML92LT64', 'ФР92-ТК64', 92, 64)
INSERT dbo.product VALUES (1359, 'ML90LT133', 'ФР90-ТК133', 90, 133)
INSERT dbo.product VALUES (1360, 'ML75LT55', 'ФР75-ТК55', 75, 55)
INSERT dbo.product VALUES (1361, 'ML46LT137', 'ФР46-ТК137', 46, 137)
INSERT dbo.product VALUES (1362, 'ML112LT19', 'ФР112-ТК19', 112, 19)
INSERT dbo.product VALUES (1363, 'ML33LT71', 'ФР33-ТК71', 33, 71)
INSERT dbo.product VALUES (1364, 'ML72LT132', 'ФР72-ТК132', 72, 132)
INSERT dbo.product VALUES (1365, 'ML80LT54', 'ФР80-ТК54', 80, 54)
INSERT dbo.product VALUES (1366, 'ML112LT106', 'ФР112-ТК106', 112, 106)
INSERT dbo.product VALUES (1367, 'ML56LT125', 'ФР56-ТК125', 56, 125)
INSERT dbo.product VALUES (1368, 'ML45LT130', 'ФР45-ТК130', 45, 130)
INSERT dbo.product VALUES (1369, 'ML42LT142', 'ФР42-ТК142', 42, 142)
INSERT dbo.product VALUES (1370, 'ML107LT126', 'ФР107-ТК126', 107, 126)
INSERT dbo.product VALUES (1371, 'ML78LT101', 'ФР78-ТК101', 78, 101)
INSERT dbo.product VALUES (1372, 'ML77LT32', 'ФР77-ТК32', 77, 32)
INSERT dbo.product VALUES (1373, 'ML34LT98', 'ФР34-ТК98', 34, 98)
INSERT dbo.product VALUES (1374, 'ML103LT78', 'ФР103-ТК78', 103, 78)
INSERT dbo.product VALUES (1375, 'ML29LT144', 'ФР29-ТК144', 29, 144)
INSERT dbo.product VALUES (1376, 'ML81LT110', 'ФР81-ТК110', 81, 110)
INSERT dbo.product VALUES (1377, 'ML111LT26', 'ФР111-ТК26', 111, 26)
INSERT dbo.product VALUES (1378, 'ML36LT104', 'ФР36-ТК104', 36, 104)
INSERT dbo.product VALUES (1379, 'ML38LT85', 'ФР38-ТК85', 38, 85)
INSERT dbo.product VALUES (1380, 'ML65LT32', 'ФР65-ТК32', 65, 32)
INSERT dbo.product VALUES (1381, 'ML66LT132', 'ФР66-ТК132', 66, 132)
INSERT dbo.product VALUES (1382, 'ML68LT156', 'ФР68-ТК156', 68, 156)
INSERT dbo.product VALUES (1383, 'ML86LT58', 'ФР86-ТК58', 86, 58)
INSERT dbo.product VALUES (1384, 'ML62LT12', 'ФР62-ТК12', 62, 12)
INSERT dbo.product VALUES (1385, 'ML110LT71', 'ФР110-ТК71', 110, 71)
INSERT dbo.product VALUES (1386, 'ML93LT63', 'ФР93-ТК63', 93, 63)
INSERT dbo.product VALUES (1387, 'ML85LT59', 'ФР85-ТК59', 85, 59)
INSERT dbo.product VALUES (1388, 'ML102LT106', 'ФР102-ТК106', 102, 106)
INSERT dbo.product VALUES (1389, 'ML40LT94', 'ФР40-ТК94', 40, 94)
INSERT dbo.product VALUES (1390, 'ML26LT112', 'ФР26-ТК112', 26, 112)
INSERT dbo.product VALUES (1391, 'ML68LT96', 'ФР68-ТК96', 68, 96)
INSERT dbo.product VALUES (1392, 'ML33LT155', 'ФР33-ТК155', 33, 155)
INSERT dbo.product VALUES (1393, 'ML53LT88', 'ФР53-ТК88', 53, 88)
INSERT dbo.product VALUES (1394, 'ML86LT157', 'ФР86-ТК157', 86, 157)
INSERT dbo.product VALUES (1395, 'ML23LT35', 'ФР23-ТК35', 23, 35)
INSERT dbo.product VALUES (1396, 'ML101LT156', 'ФР101-ТК156', 101, 156)
INSERT dbo.product VALUES (1397, 'ML77LT101', 'ФР77-ТК101', 77, 101)
INSERT dbo.product VALUES (1398, 'ML49LT124', 'ФР49-ТК124', 49, 124)
INSERT dbo.product VALUES (1399, 'ML54LT103', 'ФР54-ТК103', 54, 103)
INSERT dbo.product VALUES (1400, 'ML84LT80', 'ФР84-ТК80', 84, 80)
INSERT dbo.product VALUES (1401, 'ML63LT72', 'ФР63-ТК72', 63, 72)
INSERT dbo.product VALUES (1402, 'ML47LT16', 'ФР47-ТК16', 47, 16)
INSERT dbo.product VALUES (1403, 'ML49LT119', 'ФР49-ТК119', 49, 119)
INSERT dbo.product VALUES (1404, 'ML78LT48', 'ФР78-ТК48', 78, 48)
INSERT dbo.product VALUES (1405, 'ML69LT35', 'ФР69-ТК35', 69, 35)
INSERT dbo.product VALUES (1406, 'ML52LT56', 'ФР52-ТК56', 52, 56)
INSERT dbo.product VALUES (1407, 'ML42LT24', 'ФР42-ТК24', 42, 24)
INSERT dbo.product VALUES (1408, 'ML108LT150', 'ФР108-ТК150', 108, 150)
INSERT dbo.product VALUES (1409, 'ML112LT54', 'ФР112-ТК54', 112, 54)
INSERT dbo.product VALUES (1410, 'ML87LT127', 'ФР87-ТК127', 87, 127)
INSERT dbo.product VALUES (1411, 'ML74LT80', 'ФР74-ТК80', 74, 80)
INSERT dbo.product VALUES (1412, 'ML66LT54', 'ФР66-ТК54', 66, 54)
INSERT dbo.product VALUES (1413, 'ML111LT90', 'ФР111-ТК90', 111, 90)
INSERT dbo.product VALUES (1414, 'ML113LT61', 'ФР113-ТК61', 113, 61)
INSERT dbo.product VALUES (1415, 'ML57LT114', 'ФР57-ТК114', 57, 114)
INSERT dbo.product VALUES (1416, 'ML23LT101', 'ФР23-ТК101', 23, 101)
INSERT dbo.product VALUES (1417, 'ML32LT30', 'ФР32-ТК30', 32, 30)
INSERT dbo.product VALUES (1418, 'ML102LT132', 'ФР102-ТК132', 102, 132)
INSERT dbo.product VALUES (1419, 'ML109LT36', 'ФР109-ТК36', 109, 36)
INSERT dbo.product VALUES (1420, 'ML104LT104', 'ФР104-ТК104', 104, 104)
INSERT dbo.product VALUES (1421, 'ML67LT25', 'ФР67-ТК25', 67, 25)
INSERT dbo.product VALUES (1422, 'ML95LT157', 'ФР95-ТК157', 95, 157)
INSERT dbo.product VALUES (1423, 'ML57LT29', 'ФР57-ТК29', 57, 29)
INSERT dbo.product VALUES (1424, 'ML28LT56', 'ФР28-ТК56', 28, 56)
INSERT dbo.product VALUES (1425, 'ML93LT151', 'ФР93-ТК151', 93, 151)
INSERT dbo.product VALUES (1426, 'ML26LT111', 'ФР26-ТК111', 26, 111)
INSERT dbo.product VALUES (1427, 'ML91LT158', 'ФР91-ТК158', 91, 158)
INSERT dbo.product VALUES (1428, 'ML108LT85', 'ФР108-ТК85', 108, 85)
INSERT dbo.product VALUES (1429, 'ML99LT76', 'ФР99-ТК76', 99, 76)
INSERT dbo.product VALUES (1430, 'ML73LT114', 'ФР73-ТК114', 73, 114)
INSERT dbo.product VALUES (1431, 'ML95LT17', 'ФР95-ТК17', 95, 17)
INSERT dbo.product VALUES (1432, 'ML117LT113', 'ФР117-ТК113', 117, 113)
INSERT dbo.product VALUES (1433, 'ML34LT113', 'ФР34-ТК113', 34, 113)
INSERT dbo.product VALUES (1434, 'ML60LT67', 'ФР60-ТК67', 60, 67)
INSERT dbo.product VALUES (1435, 'ML25LT153', 'ФР25-ТК153', 25, 153)
INSERT dbo.product VALUES (1436, 'ML94LT123', 'ФР94-ТК123', 94, 123)
INSERT dbo.product VALUES (1437, 'ML31LT32', 'ФР31-ТК32', 31, 32)
INSERT dbo.product VALUES (1438, 'ML66LT151', 'ФР66-ТК151', 66, 151)
INSERT dbo.product VALUES (1439, 'ML22LT114', 'ФР22-ТК114', 22, 114)
INSERT dbo.product VALUES (1440, 'ML66LT127', 'ФР66-ТК127', 66, 127)
INSERT dbo.product VALUES (1441, 'ML58LT107', 'ФР58-ТК107', 58, 107)
INSERT dbo.product VALUES (1442, 'ML57LT97', 'ФР57-ТК97', 57, 97)
INSERT dbo.product VALUES (1443, 'ML42LT86', 'ФР42-ТК86', 42, 86)
INSERT dbo.product VALUES (1444, 'ML53LT131', 'ФР53-ТК131', 53, 131)
INSERT dbo.product VALUES (1445, 'ML88LT90', 'ФР88-ТК90', 88, 90)
INSERT dbo.product VALUES (1446, 'ML37LT95', 'ФР37-ТК95', 37, 95)
INSERT dbo.product VALUES (1447, 'ML82LT150', 'ФР82-ТК150', 82, 150)
INSERT dbo.product VALUES (1448, 'ML77LT139', 'ФР77-ТК139', 77, 139)
INSERT dbo.product VALUES (1449, 'ML31LT57', 'ФР31-ТК57', 31, 57)
INSERT dbo.product VALUES (1450, 'ML67LT17', 'ФР67-ТК17', 67, 17)
INSERT dbo.product VALUES (1451, 'ML75LT124', 'ФР75-ТК124', 75, 124)
INSERT dbo.product VALUES (1452, 'ML23LT134', 'ФР23-ТК134', 23, 134)
INSERT dbo.product VALUES (1453, 'ML57LT98', 'ФР57-ТК98', 57, 98)
INSERT dbo.product VALUES (1454, 'ML100LT101', 'ФР100-ТК101', 100, 101)
INSERT dbo.product VALUES (1455, 'ML101LT49', 'ФР101-ТК49', 101, 49)
INSERT dbo.product VALUES (1456, 'ML83LT135', 'ФР83-ТК135', 83, 135)
INSERT dbo.product VALUES (1457, 'ML81LT148', 'ФР81-ТК148', 81, 148)
INSERT dbo.product VALUES (1458, 'ML79LT147', 'ФР79-ТК147', 79, 147)
INSERT dbo.product VALUES (1459, 'ML106LT85', 'ФР106-ТК85', 106, 85)
INSERT dbo.product VALUES (1460, 'ML104LT73', 'ФР104-ТК73', 104, 73)
INSERT dbo.product VALUES (1461, 'ML28LT140', 'ФР28-ТК140', 28, 140)
INSERT dbo.product VALUES (1462, 'ML68LT76', 'ФР68-ТК76', 68, 76)
INSERT dbo.product VALUES (1463, 'ML119LT82', 'ФР119-ТК82', 119, 82)
INSERT dbo.product VALUES (1464, 'ML35LT71', 'ФР35-ТК71', 35, 71)
INSERT dbo.product VALUES (1465, 'ML93LT19', 'ФР93-ТК19', 93, 19)
INSERT dbo.product VALUES (1466, 'ML29LT119', 'ФР29-ТК119', 29, 119)
INSERT dbo.product VALUES (1467, 'ML35LT63', 'ФР35-ТК63', 35, 63)
INSERT dbo.product VALUES (1468, 'ML20LT75', 'ФР20-ТК75', 20, 75)
INSERT dbo.product VALUES (1469, 'ML60LT32', 'ФР60-ТК32', 60, 32)
INSERT dbo.product VALUES (1470, 'ML22LT24', 'ФР22-ТК24', 22, 24)
INSERT dbo.product VALUES (1471, 'ML68LT148', 'ФР68-ТК148', 68, 148)
INSERT dbo.product VALUES (1472, 'ML86LT84', 'ФР86-ТК84', 86, 84)
INSERT dbo.product VALUES (1473, 'ML59LT110', 'ФР59-ТК110', 59, 110)
INSERT dbo.product VALUES (1474, 'ML78LT137', 'ФР78-ТК137', 78, 137)
INSERT dbo.product VALUES (1475, 'ML46LT141', 'ФР46-ТК141', 46, 141)
INSERT dbo.product VALUES (1476, 'ML49LT30', 'ФР49-ТК30', 49, 30)
INSERT dbo.product VALUES (1477, 'ML45LT55', 'ФР45-ТК55', 45, 55)
INSERT dbo.product VALUES (1478, 'ML77LT12', 'ФР77-ТК12', 77, 12)
INSERT dbo.product VALUES (1479, 'ML119LT47', 'ФР119-ТК47', 119, 47)
INSERT dbo.product VALUES (1480, 'ML93LT130', 'ФР93-ТК130', 93, 130)
INSERT dbo.product VALUES (1481, 'ML41LT140', 'ФР41-ТК140', 41, 140)
INSERT dbo.product VALUES (1482, 'ML70LT112', 'ФР70-ТК112', 70, 112)
INSERT dbo.product VALUES (1483, 'ML30LT61', 'ФР30-ТК61', 30, 61)
INSERT dbo.product VALUES (1484, 'ML40LT16', 'ФР40-ТК16', 40, 16)
INSERT dbo.product VALUES (1485, 'ML40LT120', 'ФР40-ТК120', 40, 120)
INSERT dbo.product VALUES (1486, 'ML67LT148', 'ФР67-ТК148', 67, 148)
INSERT dbo.product VALUES (1487, 'ML79LT151', 'ФР79-ТК151', 79, 151)
INSERT dbo.product VALUES (1488, 'ML39LT86', 'ФР39-ТК86', 39, 86)
INSERT dbo.product VALUES (1489, 'ML35LT102', 'ФР35-ТК102', 35, 102)
INSERT dbo.product VALUES (1490, 'ML65LT49', 'ФР65-ТК49', 65, 49)
INSERT dbo.product VALUES (1491, 'ML65LT119', 'ФР65-ТК119', 65, 119)
INSERT dbo.product VALUES (1492, 'ML89LT50', 'ФР89-ТК50', 89, 50)
INSERT dbo.product VALUES (1493, 'ML91LT91', 'ФР91-ТК91', 91, 91)
INSERT dbo.product VALUES (1494, 'ML74LT141', 'ФР74-ТК141', 74, 141)
INSERT dbo.product VALUES (1495, 'ML48LT105', 'ФР48-ТК105', 48, 105)
INSERT dbo.product VALUES (1496, 'ML62LT112', 'ФР62-ТК112', 62, 112)
INSERT dbo.product VALUES (1497, 'ML60LT146', 'ФР60-ТК146', 60, 146)
INSERT dbo.product VALUES (1498, 'ML73LT81', 'ФР73-ТК81', 73, 81)
INSERT dbo.product VALUES (1499, 'ML65LT11', 'ФР65-ТК11', 65, 11)
INSERT dbo.product VALUES (1500, 'ML24LT155', 'ФР24-ТК155', 24, 155)
INSERT dbo.product VALUES (1501, 'ML83LT68', 'ФР83-ТК68', 83, 68)
INSERT dbo.product VALUES (1502, 'ML53LT47', 'ФР53-ТК47', 53, 47)
INSERT dbo.product VALUES (1503, 'ML35LT117', 'ФР35-ТК117', 35, 117)
INSERT dbo.product VALUES (1504, 'ML21LT83', 'ФР21-ТК83', 21, 83)
INSERT dbo.product VALUES (1505, 'ML82LT119', 'ФР82-ТК119', 82, 119)
INSERT dbo.product VALUES (1506, 'ML93LT115', 'ФР93-ТК115', 93, 115)
INSERT dbo.product VALUES (1507, 'ML42LT47', 'ФР42-ТК47', 42, 47)
INSERT dbo.product VALUES (1508, 'ML72LT87', 'ФР72-ТК87', 72, 87)
INSERT dbo.product VALUES (1509, 'ML39LT56', 'ФР39-ТК56', 39, 56)
INSERT dbo.product VALUES (1510, 'ML91LT101', 'ФР91-ТК101', 91, 101)
INSERT dbo.product VALUES (1511, 'ML102LT15', 'ФР102-ТК15', 102, 15)
INSERT dbo.product VALUES (1512, 'ML105LT37', 'ФР105-ТК37', 105, 37)
INSERT dbo.product VALUES (1513, 'ML38LT129', 'ФР38-ТК129', 38, 129)
INSERT dbo.product VALUES (1514, 'ML114LT121', 'ФР114-ТК121', 114, 121)
INSERT dbo.product VALUES (1515, 'ML98LT58', 'ФР98-ТК58', 98, 58)
INSERT dbo.product VALUES (1516, 'ML104LT122', 'ФР104-ТК122', 104, 122)
INSERT dbo.product VALUES (1517, 'ML55LT31', 'ФР55-ТК31', 55, 31)
INSERT dbo.product VALUES (1518, 'ML33LT29', 'ФР33-ТК29', 33, 29)
INSERT dbo.product VALUES (1519, 'ML46LT53', 'ФР46-ТК53', 46, 53)
INSERT dbo.product VALUES (1520, 'ML62LT122', 'ФР62-ТК122', 62, 122)
INSERT dbo.product VALUES (1521, 'ML104LT62', 'ФР104-ТК62', 104, 62)
INSERT dbo.product VALUES (1522, 'ML25LT24', 'ФР25-ТК24', 25, 24)
INSERT dbo.product VALUES (1523, 'ML75LT105', 'ФР75-ТК105', 75, 105)
INSERT dbo.product VALUES (1524, 'ML32LT59', 'ФР32-ТК59', 32, 59)
INSERT dbo.product VALUES (1525, 'ML50LT120', 'ФР50-ТК120', 50, 120)
INSERT dbo.product VALUES (1526, 'ML69LT72', 'ФР69-ТК72', 69, 72)
INSERT dbo.product VALUES (1527, 'ML75LT75', 'ФР75-ТК75', 75, 75)
INSERT dbo.product VALUES (1528, 'ML43LT19', 'ФР43-ТК19', 43, 19)
INSERT dbo.product VALUES (1529, 'ML31LT21', 'ФР31-ТК21', 31, 21)
INSERT dbo.product VALUES (1530, 'ML40LT72', 'ФР40-ТК72', 40, 72)
INSERT dbo.product VALUES (1531, 'ML72LT144', 'ФР72-ТК144', 72, 144)
INSERT dbo.product VALUES (1532, 'ML89LT33', 'ФР89-ТК33', 89, 33)
INSERT dbo.product VALUES (1533, 'ML53LT104', 'ФР53-ТК104', 53, 104)
INSERT dbo.product VALUES (1534, 'ML33LT101', 'ФР33-ТК101', 33, 101)
INSERT dbo.product VALUES (1535, 'ML69LT159', 'ФР69-ТК159', 69, 159)
INSERT dbo.product VALUES (1536, 'ML109LT66', 'ФР109-ТК66', 109, 66)
INSERT dbo.product VALUES (1537, 'ML79LT81', 'ФР79-ТК81', 79, 81)
INSERT dbo.product VALUES (1538, 'ML102LT149', 'ФР102-ТК149', 102, 149)
INSERT dbo.product VALUES (1539, 'ML73LT69', 'ФР73-ТК69', 73, 69)
INSERT dbo.product VALUES (1540, 'ML103LT93', 'ФР103-ТК93', 103, 93)
INSERT dbo.product VALUES (1541, 'ML78LT107', 'ФР78-ТК107', 78, 107)
INSERT dbo.product VALUES (1542, 'ML77LT108', 'ФР77-ТК108', 77, 108)
INSERT dbo.product VALUES (1543, 'ML106LT30', 'ФР106-ТК30', 106, 30)
INSERT dbo.product VALUES (1544, 'ML52LT42', 'ФР52-ТК42', 52, 42)
INSERT dbo.product VALUES (1545, 'ML92LT122', 'ФР92-ТК122', 92, 122)
INSERT dbo.product VALUES (1546, 'ML37LT48', 'ФР37-ТК48', 37, 48)
INSERT dbo.product VALUES (1547, 'ML32LT27', 'ФР32-ТК27', 32, 27)
INSERT dbo.product VALUES (1548, 'ML70LT131', 'ФР70-ТК131', 70, 131)
INSERT dbo.product VALUES (1549, 'ML52LT111', 'ФР52-ТК111', 52, 111)
INSERT dbo.product VALUES (1550, 'ML22LT136', 'ФР22-ТК136', 22, 136)
INSERT dbo.product VALUES (1551, 'ML84LT101', 'ФР84-ТК101', 84, 101)
INSERT dbo.product VALUES (1552, 'ML54LT152', 'ФР54-ТК152', 54, 152)
INSERT dbo.product VALUES (1553, 'ML50LT93', 'ФР50-ТК93', 50, 93)
INSERT dbo.product VALUES (1554, 'ML34LT79', 'ФР34-ТК79', 34, 79)
INSERT dbo.product VALUES (1555, 'ML83LT119', 'ФР83-ТК119', 83, 119)
INSERT dbo.product VALUES (1556, 'ML71LT24', 'ФР71-ТК24', 71, 24)
INSERT dbo.product VALUES (1557, 'ML107LT87', 'ФР107-ТК87', 107, 87)
INSERT dbo.product VALUES (1558, 'ML38LT67', 'ФР38-ТК67', 38, 67)
INSERT dbo.product VALUES (1559, 'ML90LT78', 'ФР90-ТК78', 90, 78)
INSERT dbo.product VALUES (1560, 'ML31LT81', 'ФР31-ТК81', 31, 81)
INSERT dbo.product VALUES (1561, 'ML39LT102', 'ФР39-ТК102', 39, 102)
INSERT dbo.product VALUES (1562, 'ML74LT37', 'ФР74-ТК37', 74, 37)
INSERT dbo.product VALUES (1563, 'ML118LT94', 'ФР118-ТК94', 118, 94)
INSERT dbo.product VALUES (1564, 'ML71LT118', 'ФР71-ТК118', 71, 118)
INSERT dbo.product VALUES (1565, 'ML106LT19', 'ФР106-ТК19', 106, 19)
INSERT dbo.product VALUES (1566, 'ML83LT47', 'ФР83-ТК47', 83, 47)
INSERT dbo.product VALUES (1567, 'ML54LT41', 'ФР54-ТК41', 54, 41)
INSERT dbo.product VALUES (1568, 'ML94LT61', 'ФР94-ТК61', 94, 61)
INSERT dbo.product VALUES (1569, 'ML26LT148', 'ФР26-ТК148', 26, 148)
INSERT dbo.product VALUES (1570, 'ML100LT77', 'ФР100-ТК77', 100, 77)
INSERT dbo.product VALUES (1571, 'ML95LT32', 'ФР95-ТК32', 95, 32)
INSERT dbo.product VALUES (1572, 'ML64LT58', 'ФР64-ТК58', 64, 58)
INSERT dbo.product VALUES (1573, 'ML63LT139', 'ФР63-ТК139', 63, 139)
INSERT dbo.product VALUES (1574, 'ML50LT11', 'ФР50-ТК11', 50, 11)
INSERT dbo.product VALUES (1575, 'ML21LT21', 'ФР21-ТК21', 21, 21)
INSERT dbo.product VALUES (1576, 'ML62LT10', 'ФР62-ТК10', 62, 10)
INSERT dbo.product VALUES (1577, 'ML107LT111', 'ФР107-ТК111', 107, 111)
INSERT dbo.product VALUES (1578, 'ML57LT40', 'ФР57-ТК40', 57, 40)
INSERT dbo.product VALUES (1579, 'ML77LT95', 'ФР77-ТК95', 77, 95)
INSERT dbo.product VALUES (1580, 'ML78LT126', 'ФР78-ТК126', 78, 126)
INSERT dbo.product VALUES (1581, 'ML39LT115', 'ФР39-ТК115', 39, 115)
INSERT dbo.product VALUES (1582, 'ML45LT56', 'ФР45-ТК56', 45, 56)
INSERT dbo.product VALUES (1583, 'ML83LT142', 'ФР83-ТК142', 83, 142)
INSERT dbo.product VALUES (1584, 'ML93LT124', 'ФР93-ТК124', 93, 124)
INSERT dbo.product VALUES (1585, 'ML26LT143', 'ФР26-ТК143', 26, 143)
INSERT dbo.product VALUES (1586, 'ML52LT89', 'ФР52-ТК89', 52, 89)
INSERT dbo.product VALUES (1587, 'ML53LT149', 'ФР53-ТК149', 53, 149)
INSERT dbo.product VALUES (1588, 'ML31LT75', 'ФР31-ТК75', 31, 75)
INSERT dbo.product VALUES (1589, 'ML118LT75', 'ФР118-ТК75', 118, 75)
INSERT dbo.product VALUES (1590, 'ML90LT151', 'ФР90-ТК151', 90, 151)
INSERT dbo.product VALUES (1591, 'ML75LT112', 'ФР75-ТК112', 75, 112)
INSERT dbo.product VALUES (1592, 'ML72LT111', 'ФР72-ТК111', 72, 111)
INSERT dbo.product VALUES (1593, 'ML101LT90', 'ФР101-ТК90', 101, 90)
INSERT dbo.product VALUES (1594, 'ML108LT83', 'ФР108-ТК83', 108, 83)
INSERT dbo.product VALUES (1595, 'ML97LT147', 'ФР97-ТК147', 97, 147)
INSERT dbo.product VALUES (1596, 'ML54LT90', 'ФР54-ТК90', 54, 90)
INSERT dbo.product VALUES (1597, 'ML98LT73', 'ФР98-ТК73', 98, 73)
INSERT dbo.product VALUES (1598, 'ML31LT50', 'ФР31-ТК50', 31, 50)
INSERT dbo.product VALUES (1599, 'ML57LT75', 'ФР57-ТК75', 57, 75)
INSERT dbo.product VALUES (1600, 'ML60LT44', 'ФР60-ТК44', 60, 44)
INSERT dbo.product VALUES (1601, 'ML105LT98', 'ФР105-ТК98', 105, 98)
INSERT dbo.product VALUES (1602, 'ML110LT54', 'ФР110-ТК54', 110, 54)
INSERT dbo.product VALUES (1603, 'ML44LT24', 'ФР44-ТК24', 44, 24)
INSERT dbo.product VALUES (1604, 'ML49LT76', 'ФР49-ТК76', 49, 76)
INSERT dbo.product VALUES (1605, 'ML102LT83', 'ФР102-ТК83', 102, 83)
INSERT dbo.product VALUES (1606, 'ML109LT11', 'ФР109-ТК11', 109, 11)
INSERT dbo.product VALUES (1607, 'ML21LT151', 'ФР21-ТК151', 21, 151)
INSERT dbo.product VALUES (1608, 'ML47LT145', 'ФР47-ТК145', 47, 145)
INSERT dbo.product VALUES (1609, 'ML54LT43', 'ФР54-ТК43', 54, 43)
INSERT dbo.product VALUES (1610, 'ML43LT124', 'ФР43-ТК124', 43, 124)
INSERT dbo.product VALUES (1611, 'ML78LT88', 'ФР78-ТК88', 78, 88)
INSERT dbo.product VALUES (1612, 'ML115LT83', 'ФР115-ТК83', 115, 83)
INSERT dbo.product VALUES (1613, 'ML101LT130', 'ФР101-ТК130', 101, 130)
INSERT dbo.product VALUES (1614, 'ML95LT107', 'ФР95-ТК107', 95, 107)
INSERT dbo.product VALUES (1615, 'ML95LT131', 'ФР95-ТК131', 95, 131)
INSERT dbo.product VALUES (1616, 'ML70LT146', 'ФР70-ТК146', 70, 146)
INSERT dbo.product VALUES (1617, 'ML32LT121', 'ФР32-ТК121', 32, 121)
INSERT dbo.product VALUES (1618, 'ML106LT14', 'ФР106-ТК14', 106, 14)
INSERT dbo.product VALUES (1619, 'ML34LT16', 'ФР34-ТК16', 34, 16)
INSERT dbo.product VALUES (1620, 'ML42LT111', 'ФР42-ТК111', 42, 111)
INSERT dbo.product VALUES (1621, 'ML111LT104', 'ФР111-ТК104', 111, 104)
INSERT dbo.product VALUES (1622, 'ML85LT66', 'ФР85-ТК66', 85, 66)
INSERT dbo.product VALUES (1623, 'ML102LT86', 'ФР102-ТК86', 102, 86)
INSERT dbo.product VALUES (1624, 'ML45LT20', 'ФР45-ТК20', 45, 20)
INSERT dbo.product VALUES (1625, 'ML44LT80', 'ФР44-ТК80', 44, 80)
INSERT dbo.product VALUES (1626, 'ML35LT21', 'ФР35-ТК21', 35, 21)
INSERT dbo.product VALUES (1627, 'ML52LT140', 'ФР52-ТК140', 52, 140)
INSERT dbo.product VALUES (1628, 'ML113LT51', 'ФР113-ТК51', 113, 51)
INSERT dbo.product VALUES (1629, 'ML93LT53', 'ФР93-ТК53', 93, 53)
INSERT dbo.product VALUES (1630, 'ML100LT30', 'ФР100-ТК30', 100, 30)
INSERT dbo.product VALUES (1631, 'ML103LT33', 'ФР103-ТК33', 103, 33)
INSERT dbo.product VALUES (1632, 'ML58LT54', 'ФР58-ТК54', 58, 54)
INSERT dbo.product VALUES (1633, 'ML29LT36', 'ФР29-ТК36', 29, 36)
INSERT dbo.product VALUES (1634, 'ML86LT25', 'ФР86-ТК25', 86, 25)
INSERT dbo.product VALUES (1635, 'ML24LT14', 'ФР24-ТК14', 24, 14)
INSERT dbo.product VALUES (1636, 'ML66LT89', 'ФР66-ТК89', 66, 89)
INSERT dbo.product VALUES (1637, 'ML91LT88', 'ФР91-ТК88', 91, 88)
INSERT dbo.product VALUES (1638, 'ML67LT18', 'ФР67-ТК18', 67, 18)
INSERT dbo.product VALUES (1639, 'ML90LT132', 'ФР90-ТК132', 90, 132)
INSERT dbo.product VALUES (1640, 'ML112LT121', 'ФР112-ТК121', 112, 121)
INSERT dbo.product VALUES (1641, 'ML110LT102', 'ФР110-ТК102', 110, 102)
INSERT dbo.product VALUES (1642, 'ML101LT146', 'ФР101-ТК146', 101, 146)
INSERT dbo.product VALUES (1643, 'ML51LT19', 'ФР51-ТК19', 51, 19)
INSERT dbo.product VALUES (1644, 'ML80LT50', 'ФР80-ТК50', 80, 50)
INSERT dbo.product VALUES (1645, 'ML24LT145', 'ФР24-ТК145', 24, 145)
INSERT dbo.product VALUES (1646, 'ML82LT16', 'ФР82-ТК16', 82, 16)
INSERT dbo.product VALUES (1647, 'ML52LT152', 'ФР52-ТК152', 52, 152)
INSERT dbo.product VALUES (1648, 'ML113LT44', 'ФР113-ТК44', 113, 44)
INSERT dbo.product VALUES (1649, 'ML101LT138', 'ФР101-ТК138', 101, 138)
INSERT dbo.product VALUES (1650, 'ML82LT63', 'ФР82-ТК63', 82, 63)
INSERT dbo.product VALUES (1651, 'ML92LT105', 'ФР92-ТК105', 92, 105)
INSERT dbo.product VALUES (1652, 'ML82LT126', 'ФР82-ТК126', 82, 126)
INSERT dbo.product VALUES (1653, 'ML114LT97', 'ФР114-ТК97', 114, 97)
INSERT dbo.product VALUES (1654, 'ML23LT66', 'ФР23-ТК66', 23, 66)
INSERT dbo.product VALUES (1655, 'ML103LT149', 'ФР103-ТК149', 103, 149)
INSERT dbo.product VALUES (1656, 'ML91LT141', 'ФР91-ТК141', 91, 141)
INSERT dbo.product VALUES (1657, 'ML78LT80', 'ФР78-ТК80', 78, 80)
INSERT dbo.product VALUES (1658, 'ML95LT93', 'ФР95-ТК93', 95, 93)
INSERT dbo.product VALUES (1659, 'ML107LT56', 'ФР107-ТК56', 107, 56)
INSERT dbo.product VALUES (1660, 'ML74LT118', 'ФР74-ТК118', 74, 118)
INSERT dbo.product VALUES (1661, 'ML93LT64', 'ФР93-ТК64', 93, 64)
INSERT dbo.product VALUES (1662, 'ML22LT43', 'ФР22-ТК43', 22, 43)
INSERT dbo.product VALUES (1663, 'ML102LT16', 'ФР102-ТК16', 102, 16)
INSERT dbo.product VALUES (1664, 'ML104LT77', 'ФР104-ТК77', 104, 77)
INSERT dbo.product VALUES (1665, 'ML118LT45', 'ФР118-ТК45', 118, 45)
INSERT dbo.product VALUES (1666, 'ML80LT159', 'ФР80-ТК159', 80, 159)
INSERT dbo.product VALUES (1667, 'ML34LT66', 'ФР34-ТК66', 34, 66)
INSERT dbo.product VALUES (1668, 'ML41LT90', 'ФР41-ТК90', 41, 90)
INSERT dbo.product VALUES (1669, 'ML102LT73', 'ФР102-ТК73', 102, 73)
INSERT dbo.product VALUES (1670, 'ML50LT58', 'ФР50-ТК58', 50, 58)
INSERT dbo.product VALUES (1671, 'ML95LT120', 'ФР95-ТК120', 95, 120)
INSERT dbo.product VALUES (1672, 'ML55LT80', 'ФР55-ТК80', 55, 80)
INSERT dbo.product VALUES (1673, 'ML26LT151', 'ФР26-ТК151', 26, 151)
INSERT dbo.product VALUES (1674, 'ML75LT98', 'ФР75-ТК98', 75, 98)
INSERT dbo.product VALUES (1675, 'ML77LT112', 'ФР77-ТК112', 77, 112)
INSERT dbo.product VALUES (1676, 'ML61LT12', 'ФР61-ТК12', 61, 12)
INSERT dbo.product VALUES (1677, 'ML44LT126', 'ФР44-ТК126', 44, 126)
INSERT dbo.product VALUES (1678, 'ML110LT106', 'ФР110-ТК106', 110, 106)
INSERT dbo.product VALUES (1679, 'ML28LT111', 'ФР28-ТК111', 28, 111)
INSERT dbo.product VALUES (1680, 'ML64LT45', 'ФР64-ТК45', 64, 45)
INSERT dbo.product VALUES (1681, 'ML89LT134', 'ФР89-ТК134', 89, 134)
INSERT dbo.product VALUES (1682, 'ML67LT119', 'ФР67-ТК119', 67, 119)
INSERT dbo.product VALUES (1683, 'ML60LT46', 'ФР60-ТК46', 60, 46)
INSERT dbo.product VALUES (1684, 'ML44LT49', 'ФР44-ТК49', 44, 49)
INSERT dbo.product VALUES (1685, 'ML61LT16', 'ФР61-ТК16', 61, 16)
INSERT dbo.product VALUES (1686, 'ML20LT10', 'ФР20-ТК10', 20, 10)
INSERT dbo.product VALUES (1687, 'ML28LT101', 'ФР28-ТК101', 28, 101)
INSERT dbo.product VALUES (1688, 'ML79LT59', 'ФР79-ТК59', 79, 59)
INSERT dbo.product VALUES (1689, 'ML50LT61', 'ФР50-ТК61', 50, 61)
INSERT dbo.product VALUES (1690, 'ML39LT21', 'ФР39-ТК21', 39, 21)
INSERT dbo.product VALUES (1691, 'ML35LT45', 'ФР35-ТК45', 35, 45)
INSERT dbo.product VALUES (1692, 'ML80LT35', 'ФР80-ТК35', 80, 35)
INSERT dbo.product VALUES (1693, 'ML115LT60', 'ФР115-ТК60', 115, 60)
INSERT dbo.product VALUES (1694, 'ML115LT148', 'ФР115-ТК148', 115, 148)
INSERT dbo.product VALUES (1695, 'ML55LT55', 'ФР55-ТК55', 55, 55)
INSERT dbo.product VALUES (1696, 'ML36LT158', 'ФР36-ТК158', 36, 158)
INSERT dbo.product VALUES (1697, 'ML35LT35', 'ФР35-ТК35', 35, 35)
INSERT dbo.product VALUES (1698, 'ML23LT76', 'ФР23-ТК76', 23, 76)
INSERT dbo.product VALUES (1699, 'ML102LT110', 'ФР102-ТК110', 102, 110)
INSERT dbo.product VALUES (1700, 'ML51LT79', 'ФР51-ТК79', 51, 79)
INSERT dbo.product VALUES (1701, 'ML25LT33', 'ФР25-ТК33', 25, 33)
INSERT dbo.product VALUES (1702, 'ML89LT13', 'ФР89-ТК13', 89, 13)
INSERT dbo.product VALUES (1703, 'ML52LT84', 'ФР52-ТК84', 52, 84)
INSERT dbo.product VALUES (1704, 'ML100LT142', 'ФР100-ТК142', 100, 142)
INSERT dbo.product VALUES (1705, 'ML41LT112', 'ФР41-ТК112', 41, 112)
INSERT dbo.product VALUES (1706, 'ML96LT121', 'ФР96-ТК121', 96, 121)
INSERT dbo.product VALUES (1707, 'ML58LT53', 'ФР58-ТК53', 58, 53)
INSERT dbo.product VALUES (1708, 'ML114LT116', 'ФР114-ТК116', 114, 116)
INSERT dbo.product VALUES (1709, 'ML24LT133', 'ФР24-ТК133', 24, 133)
INSERT dbo.product VALUES (1710, 'ML117LT62', 'ФР117-ТК62', 117, 62)
INSERT dbo.product VALUES (1711, 'ML23LT30', 'ФР23-ТК30', 23, 30)
INSERT dbo.product VALUES (1712, 'ML37LT51', 'ФР37-ТК51', 37, 51)
INSERT dbo.product VALUES (1713, 'ML80LT10', 'ФР80-ТК10', 80, 10)
INSERT dbo.product VALUES (1714, 'ML85LT113', 'ФР85-ТК113', 85, 113)
INSERT dbo.product VALUES (1715, 'ML112LT87', 'ФР112-ТК87', 112, 87)
INSERT dbo.product VALUES (1716, 'ML92LT148', 'ФР92-ТК148', 92, 148)
INSERT dbo.product VALUES (1717, 'ML57LT19', 'ФР57-ТК19', 57, 19)
INSERT dbo.product VALUES (1718, 'ML81LT95', 'ФР81-ТК95', 81, 95)
INSERT dbo.product VALUES (1719, 'ML69LT26', 'ФР69-ТК26', 69, 26)
INSERT dbo.product VALUES (1720, 'ML80LT98', 'ФР80-ТК98', 80, 98)
INSERT dbo.product VALUES (1721, 'ML114LT86', 'ФР114-ТК86', 114, 86)
INSERT dbo.product VALUES (1722, 'ML25LT123', 'ФР25-ТК123', 25, 123)
INSERT dbo.product VALUES (1723, 'ML51LT17', 'ФР51-ТК17', 51, 17)
INSERT dbo.product VALUES (1724, 'ML48LT39', 'ФР48-ТК39', 48, 39)
INSERT dbo.product VALUES (1725, 'ML109LT98', 'ФР109-ТК98', 109, 98)
INSERT dbo.product VALUES (1726, 'ML81LT27', 'ФР81-ТК27', 81, 27)
INSERT dbo.product VALUES (1727, 'ML37LT94', 'ФР37-ТК94', 37, 94)
INSERT dbo.product VALUES (1728, 'ML91LT124', 'ФР91-ТК124', 91, 124)
INSERT dbo.product VALUES (1729, 'ML76LT72', 'ФР76-ТК72', 76, 72)
INSERT dbo.product VALUES (1730, 'ML64LT20', 'ФР64-ТК20', 64, 20)
INSERT dbo.product VALUES (1731, 'ML53LT38', 'ФР53-ТК38', 53, 38)
INSERT dbo.product VALUES (1732, 'ML103LT44', 'ФР103-ТК44', 103, 44)
INSERT dbo.product VALUES (1733, 'ML109LT112', 'ФР109-ТК112', 109, 112)
INSERT dbo.product VALUES (1734, 'ML35LT70', 'ФР35-ТК70', 35, 70)
INSERT dbo.product VALUES (1735, 'ML79LT139', 'ФР79-ТК139', 79, 139)
INSERT dbo.product VALUES (1736, 'ML73LT46', 'ФР73-ТК46', 73, 46)
INSERT dbo.product VALUES (1737, 'ML88LT119', 'ФР88-ТК119', 88, 119)
INSERT dbo.product VALUES (1738, 'ML54LT56', 'ФР54-ТК56', 54, 56)
INSERT dbo.product VALUES (1739, 'ML64LT67', 'ФР64-ТК67', 64, 67)
INSERT dbo.product VALUES (1740, 'ML64LT50', 'ФР64-ТК50', 64, 50)
INSERT dbo.product VALUES (1741, 'ML83LT24', 'ФР83-ТК24', 83, 24)
INSERT dbo.product VALUES (1742, 'ML45LT109', 'ФР45-ТК109', 45, 109)
INSERT dbo.product VALUES (1743, 'ML71LT34', 'ФР71-ТК34', 71, 34)
INSERT dbo.product VALUES (1744, 'ML40LT44', 'ФР40-ТК44', 40, 44)
INSERT dbo.product VALUES (1745, 'ML101LT127', 'ФР101-ТК127', 101, 127)
INSERT dbo.product VALUES (1746, 'ML53LT157', 'ФР53-ТК157', 53, 157)
INSERT dbo.product VALUES (1747, 'ML20LT28', 'ФР20-ТК28', 20, 28)
INSERT dbo.product VALUES (1748, 'ML66LT152', 'ФР66-ТК152', 66, 152)
INSERT dbo.product VALUES (1749, 'ML91LT34', 'ФР91-ТК34', 91, 34)
INSERT dbo.product VALUES (1750, 'ML53LT60', 'ФР53-ТК60', 53, 60)
INSERT dbo.product VALUES (1751, 'ML57LT96', 'ФР57-ТК96', 57, 96)
INSERT dbo.product VALUES (1752, 'ML53LT153', 'ФР53-ТК153', 53, 153)
INSERT dbo.product VALUES (1753, 'ML103LT109', 'ФР103-ТК109', 103, 109)
INSERT dbo.product VALUES (1754, 'ML118LT68', 'ФР118-ТК68', 118, 68)
INSERT dbo.product VALUES (1755, 'ML114LT11', 'ФР114-ТК11', 114, 11)
INSERT dbo.product VALUES (1756, 'ML63LT155', 'ФР63-ТК155', 63, 155)
INSERT dbo.product VALUES (1757, 'ML86LT107', 'ФР86-ТК107', 86, 107)
INSERT dbo.product VALUES (1758, 'ML42LT151', 'ФР42-ТК151', 42, 151)
INSERT dbo.product VALUES (1759, 'ML61LT117', 'ФР61-ТК117', 61, 117)
INSERT dbo.product VALUES (1760, 'ML84LT157', 'ФР84-ТК157', 84, 157)
INSERT dbo.product VALUES (1761, 'ML100LT70', 'ФР100-ТК70', 100, 70)
INSERT dbo.product VALUES (1762, 'ML44LT144', 'ФР44-ТК144', 44, 144)
INSERT dbo.product VALUES (1763, 'ML51LT53', 'ФР51-ТК53', 51, 53)
INSERT dbo.product VALUES (1764, 'ML110LT121', 'ФР110-ТК121', 110, 121)
INSERT dbo.product VALUES (1765, 'ML105LT56', 'ФР105-ТК56', 105, 56)
INSERT dbo.product VALUES (1766, 'ML87LT65', 'ФР87-ТК65', 87, 65)
INSERT dbo.product VALUES (1767, 'ML58LT77', 'ФР58-ТК77', 58, 77)
INSERT dbo.product VALUES (1768, 'ML80LT32', 'ФР80-ТК32', 80, 32)
INSERT dbo.product VALUES (1769, 'ML93LT11', 'ФР93-ТК11', 93, 11)
INSERT dbo.product VALUES (1770, 'ML58LT133', 'ФР58-ТК133', 58, 133)
INSERT dbo.product VALUES (1771, 'ML66LT77', 'ФР66-ТК77', 66, 77)
INSERT dbo.product VALUES (1772, 'ML58LT136', 'ФР58-ТК136', 58, 136)
INSERT dbo.product VALUES (1773, 'ML85LT103', 'ФР85-ТК103', 85, 103)
INSERT dbo.product VALUES (1774, 'ML58LT124', 'ФР58-ТК124', 58, 124)
INSERT dbo.product VALUES (1775, 'ML51LT43', 'ФР51-ТК43', 51, 43)
INSERT dbo.product VALUES (1776, 'ML62LT107', 'ФР62-ТК107', 62, 107)
INSERT dbo.product VALUES (1777, 'ML65LT45', 'ФР65-ТК45', 65, 45)
INSERT dbo.product VALUES (1778, 'ML82LT115', 'ФР82-ТК115', 82, 115)
INSERT dbo.product VALUES (1779, 'ML33LT117', 'ФР33-ТК117', 33, 117)
INSERT dbo.product VALUES (1780, 'ML101LT53', 'ФР101-ТК53', 101, 53)
INSERT dbo.product VALUES (1781, 'ML44LT14', 'ФР44-ТК14', 44, 14)
INSERT dbo.product VALUES (1782, 'ML38LT104', 'ФР38-ТК104', 38, 104)
INSERT dbo.product VALUES (1783, 'ML75LT20', 'ФР75-ТК20', 75, 20)
INSERT dbo.product VALUES (1784, 'ML96LT133', 'ФР96-ТК133', 96, 133)
INSERT dbo.product VALUES (1785, 'ML48LT29', 'ФР48-ТК29', 48, 29)
INSERT dbo.product VALUES (1786, 'ML96LT134', 'ФР96-ТК134', 96, 134)
INSERT dbo.product VALUES (1787, 'ML80LT132', 'ФР80-ТК132', 80, 132)
INSERT dbo.product VALUES (1788, 'ML89LT84', 'ФР89-ТК84', 89, 84)
INSERT dbo.product VALUES (1789, 'ML110LT60', 'ФР110-ТК60', 110, 60)
INSERT dbo.product VALUES (1790, 'ML48LT99', 'ФР48-ТК99', 48, 99)
INSERT dbo.product VALUES (1791, 'ML32LT71', 'ФР32-ТК71', 32, 71)
INSERT dbo.product VALUES (1792, 'ML72LT103', 'ФР72-ТК103', 72, 103)
INSERT dbo.product VALUES (1793, 'ML102LT32', 'ФР102-ТК32', 102, 32)
INSERT dbo.product VALUES (1794, 'ML119LT38', 'ФР119-ТК38', 119, 38)
INSERT dbo.product VALUES (1795, 'ML110LT63', 'ФР110-ТК63', 110, 63)
INSERT dbo.product VALUES (1796, 'ML84LT99', 'ФР84-ТК99', 84, 99)
INSERT dbo.product VALUES (1797, 'ML43LT72', 'ФР43-ТК72', 43, 72)
INSERT dbo.product VALUES (1798, 'ML109LT113', 'ФР109-ТК113', 109, 113)
INSERT dbo.product VALUES (1799, 'ML84LT115', 'ФР84-ТК115', 84, 115)
INSERT dbo.product VALUES (1800, 'ML24LT81', 'ФР24-ТК81', 24, 81)
INSERT dbo.product VALUES (1801, 'ML51LT86', 'ФР51-ТК86', 51, 86)
INSERT dbo.product VALUES (1802, 'ML101LT27', 'ФР101-ТК27', 101, 27)
INSERT dbo.product VALUES (1803, 'ML45LT101', 'ФР45-ТК101', 45, 101)
INSERT dbo.product VALUES (1804, 'ML112LT101', 'ФР112-ТК101', 112, 101)
INSERT dbo.product VALUES (1805, 'ML70LT147', 'ФР70-ТК147', 70, 147)
INSERT dbo.product VALUES (1806, 'ML113LT150', 'ФР113-ТК150', 113, 150)
INSERT dbo.product VALUES (1807, 'ML101LT14', 'ФР101-ТК14', 101, 14)
INSERT dbo.product VALUES (1808, 'ML86LT144', 'ФР86-ТК144', 86, 144)
INSERT dbo.product VALUES (1809, 'ML61LT137', 'ФР61-ТК137', 61, 137)
INSERT dbo.product VALUES (1810, 'ML93LT35', 'ФР93-ТК35', 93, 35)
INSERT dbo.product VALUES (1811, 'ML43LT66', 'ФР43-ТК66', 43, 66)
INSERT dbo.product VALUES (1812, 'ML67LT38', 'ФР67-ТК38', 67, 38)
INSERT dbo.product VALUES (1813, 'ML89LT139', 'ФР89-ТК139', 89, 139)
INSERT dbo.product VALUES (1814, 'ML52LT13', 'ФР52-ТК13', 52, 13)
INSERT dbo.product VALUES (1815, 'ML55LT39', 'ФР55-ТК39', 55, 39)
INSERT dbo.product VALUES (1816, 'ML41LT143', 'ФР41-ТК143', 41, 143)
INSERT dbo.product VALUES (1817, 'ML111LT121', 'ФР111-ТК121', 111, 121)
INSERT dbo.product VALUES (1818, 'ML39LT106', 'ФР39-ТК106', 39, 106)
INSERT dbo.product VALUES (1819, 'ML21LT67', 'ФР21-ТК67', 21, 67)
INSERT dbo.product VALUES (1820, 'ML68LT142', 'ФР68-ТК142', 68, 142)
INSERT dbo.product VALUES (1821, 'ML48LT142', 'ФР48-ТК142', 48, 142)
INSERT dbo.product VALUES (1822, 'ML34LT121', 'ФР34-ТК121', 34, 121)
INSERT dbo.product VALUES (1823, 'ML87LT72', 'ФР87-ТК72', 87, 72)
INSERT dbo.product VALUES (1824, 'ML81LT77', 'ФР81-ТК77', 81, 77)
INSERT dbo.product VALUES (1825, 'ML94LT87', 'ФР94-ТК87', 94, 87)
INSERT dbo.product VALUES (1826, 'ML48LT76', 'ФР48-ТК76', 48, 76)
INSERT dbo.product VALUES (1827, 'ML114LT69', 'ФР114-ТК69', 114, 69)
INSERT dbo.product VALUES (1828, 'ML82LT153', 'ФР82-ТК153', 82, 153)
INSERT dbo.product VALUES (1829, 'ML71LT97', 'ФР71-ТК97', 71, 97)
INSERT dbo.product VALUES (1830, 'ML34LT21', 'ФР34-ТК21', 34, 21)
INSERT dbo.product VALUES (1831, 'ML68LT89', 'ФР68-ТК89', 68, 89)
INSERT dbo.product VALUES (1832, 'ML105LT47', 'ФР105-ТК47', 105, 47)
INSERT dbo.product VALUES (1833, 'ML36LT125', 'ФР36-ТК125', 36, 125)
INSERT dbo.product VALUES (1834, 'ML24LT12', 'ФР24-ТК12', 24, 12)
INSERT dbo.product VALUES (1835, 'ML48LT151', 'ФР48-ТК151', 48, 151)
INSERT dbo.product VALUES (1836, 'ML117LT139', 'ФР117-ТК139', 117, 139)
INSERT dbo.product VALUES (1837, 'ML84LT57', 'ФР84-ТК57', 84, 57)
INSERT dbo.product VALUES (1838, 'ML75LT39', 'ФР75-ТК39', 75, 39)
INSERT dbo.product VALUES (1839, 'ML30LT15', 'ФР30-ТК15', 30, 15)
INSERT dbo.product VALUES (1840, 'ML108LT149', 'ФР108-ТК149', 108, 149)
INSERT dbo.product VALUES (1841, 'ML76LT91', 'ФР76-ТК91', 76, 91)
INSERT dbo.product VALUES (1842, 'ML79LT11', 'ФР79-ТК11', 79, 11)
INSERT dbo.product VALUES (1843, 'ML48LT129', 'ФР48-ТК129', 48, 129)
INSERT dbo.product VALUES (1844, 'ML103LT43', 'ФР103-ТК43', 103, 43)
INSERT dbo.product VALUES (1845, 'ML91LT50', 'ФР91-ТК50', 91, 50)
INSERT dbo.product VALUES (1846, 'ML58LT101', 'ФР58-ТК101', 58, 101)
INSERT dbo.product VALUES (1847, 'ML63LT34', 'ФР63-ТК34', 63, 34)
INSERT dbo.product VALUES (1848, 'ML109LT39', 'ФР109-ТК39', 109, 39)
INSERT dbo.product VALUES (1849, 'ML74LT79', 'ФР74-ТК79', 74, 79)
INSERT dbo.product VALUES (1850, 'ML23LT56', 'ФР23-ТК56', 23, 56)
INSERT dbo.product VALUES (1851, 'ML118LT23', 'ФР118-ТК23', 118, 23)
INSERT dbo.product VALUES (1854, 'ML42LT69', 'ФР42-ТК69', 42, 69)
INSERT dbo.product VALUES (1855, 'ML22LT159', 'ФР22-ТК159', 22, 159)
INSERT dbo.product VALUES (1856, 'ML94LT85', 'ФР94-ТК85', 94, 85)
INSERT dbo.product VALUES (1857, 'ML29LT56', 'ФР29-ТК56', 29, 56)
INSERT dbo.product VALUES (1858, 'ML118LT154', 'ФР118-ТК154', 118, 154)
INSERT dbo.product VALUES (1859, 'ML80LT110', 'ФР80-ТК110', 80, 110)
INSERT dbo.product VALUES (1860, 'ML32LT53', 'ФР32-ТК53', 32, 53)
INSERT dbo.product VALUES (1861, 'ML87LT107', 'ФР87-ТК107', 87, 107)
INSERT dbo.product VALUES (1862, 'ML88LT141', 'ФР88-ТК141', 88, 141)
INSERT dbo.product VALUES (1863, 'ML43LT38', 'ФР43-ТК38', 43, 38)
INSERT dbo.product VALUES (1864, 'ML30LT123', 'ФР30-ТК123', 30, 123)
INSERT dbo.product VALUES (1865, 'ML64LT73', 'ФР64-ТК73', 64, 73)
INSERT dbo.product VALUES (1866, 'ML66LT140', 'ФР66-ТК140', 66, 140)
INSERT dbo.product VALUES (1867, 'ML104LT114', 'ФР104-ТК114', 104, 114)
INSERT dbo.product VALUES (1868, 'ML21LT69', 'ФР21-ТК69', 21, 69)
INSERT dbo.product VALUES (1869, 'ML27LT70', 'ФР27-ТК70', 27, 70)
INSERT dbo.product VALUES (1870, 'ML21LT49', 'ФР21-ТК49', 21, 49)
INSERT dbo.product VALUES (1871, 'ML75LT80', 'ФР75-ТК80', 75, 80)
INSERT dbo.product VALUES (1872, 'ML47LT83', 'ФР47-ТК83', 47, 83)
INSERT dbo.product VALUES (1873, 'ML83LT129', 'ФР83-ТК129', 83, 129)
INSERT dbo.product VALUES (1874, 'ML91LT113', 'ФР91-ТК113', 91, 113)
INSERT dbo.product VALUES (1875, 'ML118LT71', 'ФР118-ТК71', 118, 71)
INSERT dbo.product VALUES (1876, 'ML83LT108', 'ФР83-ТК108', 83, 108)
INSERT dbo.product VALUES (1877, 'ML114LT70', 'ФР114-ТК70', 114, 70)
INSERT dbo.product VALUES (1878, 'ML108LT154', 'ФР108-ТК154', 108, 154)
INSERT dbo.product VALUES (1879, 'ML85LT27', 'ФР85-ТК27', 85, 27)
INSERT dbo.product VALUES (1880, 'ML91LT84', 'ФР91-ТК84', 91, 84)
INSERT dbo.product VALUES (1881, 'ML69LT50', 'ФР69-ТК50', 69, 50)
INSERT dbo.product VALUES (1882, 'ML87LT82', 'ФР87-ТК82', 87, 82)
INSERT dbo.product VALUES (1883, 'ML47LT150', 'ФР47-ТК150', 47, 150)
INSERT dbo.product VALUES (1884, 'ML54LT110', 'ФР54-ТК110', 54, 110)
INSERT dbo.product VALUES (1885, 'ML52LT62', 'ФР52-ТК62', 52, 62)
INSERT dbo.product VALUES (1886, 'ML46LT47', 'ФР46-ТК47', 46, 47)
INSERT dbo.product VALUES (1887, 'ML89LT88', 'ФР89-ТК88', 89, 88)
INSERT dbo.product VALUES (1888, 'ML69LT18', 'ФР69-ТК18', 69, 18)
INSERT dbo.product VALUES (1889, 'ML40LT25', 'ФР40-ТК25', 40, 25)
INSERT dbo.product VALUES (1890, 'ML56LT27', 'ФР56-ТК27', 56, 27)
INSERT dbo.product VALUES (1891, 'ML92LT115', 'ФР92-ТК115', 92, 115)
INSERT dbo.product VALUES (1892, 'ML96LT39', 'ФР96-ТК39', 96, 39)
INSERT dbo.product VALUES (1893, 'ML44LT42', 'ФР44-ТК42', 44, 42)
INSERT dbo.product VALUES (1894, 'ML105LT53', 'ФР105-ТК53', 105, 53)
INSERT dbo.product VALUES (1895, 'ML20LT63', 'ФР20-ТК63', 20, 63)
INSERT dbo.product VALUES (1896, 'ML50LT156', 'ФР50-ТК156', 50, 156)
INSERT dbo.product VALUES (1897, 'ML22LT29', 'ФР22-ТК29', 22, 29)
INSERT dbo.product VALUES (1898, 'ML114LT13', 'ФР114-ТК13', 114, 13)
INSERT dbo.product VALUES (1899, 'ML58LT130', 'ФР58-ТК130', 58, 130)
INSERT dbo.product VALUES (1900, 'ML94LT19', 'ФР94-ТК19', 94, 19)
INSERT dbo.product VALUES (1901, 'ML68LT40', 'ФР68-ТК40', 68, 40)
INSERT dbo.product VALUES (1902, 'ML51LT105', 'ФР51-ТК105', 51, 105)
INSERT dbo.product VALUES (1903, 'ML105LT150', 'ФР105-ТК150', 105, 150)
INSERT dbo.product VALUES (1904, 'ML47LT153', 'ФР47-ТК153', 47, 153)
INSERT dbo.product VALUES (1905, 'ML81LT40', 'ФР81-ТК40', 81, 40)
INSERT dbo.product VALUES (1906, 'ML50LT24', 'ФР50-ТК24', 50, 24)
INSERT dbo.product VALUES (1907, 'ML28LT89', 'ФР28-ТК89', 28, 89)
INSERT dbo.product VALUES (1908, 'ML73LT32', 'ФР73-ТК32', 73, 32)
INSERT dbo.product VALUES (1909, 'ML34LT137', 'ФР34-ТК137', 34, 137)
INSERT dbo.product VALUES (1910, 'ML117LT89', 'ФР117-ТК89', 117, 89)
INSERT dbo.product VALUES (1911, 'ML49LT13', 'ФР49-ТК13', 49, 13)
INSERT dbo.product VALUES (1912, 'ML21LT150', 'ФР21-ТК150', 21, 150)
INSERT dbo.product VALUES (1913, 'ML51LT82', 'ФР51-ТК82', 51, 82)
INSERT dbo.product VALUES (1914, 'ML52LT109', 'ФР52-ТК109', 52, 109)
INSERT dbo.product VALUES (1915, 'ML28LT134', 'ФР28-ТК134', 28, 134)
INSERT dbo.product VALUES (1916, 'ML98LT72', 'ФР98-ТК72', 98, 72)
INSERT dbo.product VALUES (1917, 'ML63LT126', 'ФР63-ТК126', 63, 126)
INSERT dbo.product VALUES (1918, 'ML101LT94', 'ФР101-ТК94', 101, 94)
INSERT dbo.product VALUES (1919, 'ML69LT144', 'ФР69-ТК144', 69, 144)
INSERT dbo.product VALUES (1920, 'ML23LT55', 'ФР23-ТК55', 23, 55)
INSERT dbo.product VALUES (1921, 'ML100LT55', 'ФР100-ТК55', 100, 55)
INSERT dbo.product VALUES (1922, 'ML94LT17', 'ФР94-ТК17', 94, 17)
INSERT dbo.product VALUES (1923, 'ML110LT76', 'ФР110-ТК76', 110, 76)
INSERT dbo.product VALUES (1924, 'ML119LT22', 'ФР119-ТК22', 119, 22)
INSERT dbo.product VALUES (1925, 'ML43LT22', 'ФР43-ТК22', 43, 22)
INSERT dbo.product VALUES (1926, 'ML26LT146', 'ФР26-ТК146', 26, 146)
INSERT dbo.product VALUES (1927, 'ML32LT86', 'ФР32-ТК86', 32, 86)
INSERT dbo.product VALUES (1928, 'ML51LT138', 'ФР51-ТК138', 51, 138)
INSERT dbo.product VALUES (1929, 'ML34LT88', 'ФР34-ТК88', 34, 88)
INSERT dbo.product VALUES (1930, 'ML29LT100', 'ФР29-ТК100', 29, 100)
INSERT dbo.product VALUES (1931, 'ML110LT22', 'ФР110-ТК22', 110, 22)
INSERT dbo.product VALUES (1932, 'ML26LT105', 'ФР26-ТК105', 26, 105)
INSERT dbo.product VALUES (1933, 'ML32LT138', 'ФР32-ТК138', 32, 138)
INSERT dbo.product VALUES (1934, 'ML80LT51', 'ФР80-ТК51', 80, 51)
INSERT dbo.product VALUES (1935, 'ML104LT20', 'ФР104-ТК20', 104, 20)
INSERT dbo.product VALUES (1936, 'ML66LT63', 'ФР66-ТК63', 66, 63)
INSERT dbo.product VALUES (1937, 'ML51LT23', 'ФР51-ТК23', 51, 23)
INSERT dbo.product VALUES (1938, 'ML36LT156', 'ФР36-ТК156', 36, 156)
INSERT dbo.product VALUES (1939, 'ML80LT145', 'ФР80-ТК145', 80, 145)
INSERT dbo.product VALUES (1940, 'ML113LT89', 'ФР113-ТК89', 113, 89)
INSERT dbo.product VALUES (1941, 'ML51LT90', 'ФР51-ТК90', 51, 90)
INSERT dbo.product VALUES (1942, 'ML71LT158', 'ФР71-ТК158', 71, 158)
INSERT dbo.product VALUES (1943, 'ML36LT74', 'ФР36-ТК74', 36, 74)
INSERT dbo.product VALUES (1944, 'ML47LT30', 'ФР47-ТК30', 47, 30)
INSERT dbo.product VALUES (1945, 'ML74LT120', 'ФР74-ТК120', 74, 120)
INSERT dbo.product VALUES (1946, 'ML41LT137', 'ФР41-ТК137', 41, 137)
INSERT dbo.product VALUES (1947, 'ML106LT66', 'ФР106-ТК66', 106, 66)
INSERT dbo.product VALUES (1948, 'ML89LT27', 'ФР89-ТК27', 89, 27)
INSERT dbo.product VALUES (1949, 'ML78LT36', 'ФР78-ТК36', 78, 36)
INSERT dbo.product VALUES (1950, 'ML90LT13', 'ФР90-ТК13', 90, 13)
INSERT dbo.product VALUES (1951, 'ML113LT139', 'ФР113-ТК139', 113, 139)
INSERT dbo.product VALUES (1952, 'ML113LT80', 'ФР113-ТК80', 113, 80)
INSERT dbo.product VALUES (1953, 'ML20LT71', 'ФР20-ТК71', 20, 71)
INSERT dbo.product VALUES (1954, 'ML36LT149', 'ФР36-ТК149', 36, 149)
INSERT dbo.product VALUES (1955, 'ML77LT129', 'ФР77-ТК129', 77, 129)
INSERT dbo.product VALUES (1956, 'ML41LT32', 'ФР41-ТК32', 41, 32)
INSERT dbo.product VALUES (1957, 'ML89LT144', 'ФР89-ТК144', 89, 144)
INSERT dbo.product VALUES (1958, 'ML84LT50', 'ФР84-ТК50', 84, 50)
INSERT dbo.product VALUES (1959, 'ML80LT126', 'ФР80-ТК126', 80, 126)
INSERT dbo.product VALUES (1960, 'ML76LT55', 'ФР76-ТК55', 76, 55)
INSERT dbo.product VALUES (1961, 'ML21LT35', 'ФР21-ТК35', 21, 35)
INSERT dbo.product VALUES (1962, 'ML77LT17', 'ФР77-ТК17', 77, 17)
INSERT dbo.product VALUES (1963, 'ML44LT44', 'ФР44-ТК44', 44, 44)
INSERT dbo.product VALUES (1964, 'ML25LT18', 'ФР25-ТК18', 25, 18)
INSERT dbo.product VALUES (1965, 'ML66LT95', 'ФР66-ТК95', 66, 95)
INSERT dbo.product VALUES (1966, 'ML96LT18', 'ФР96-ТК18', 96, 18)
INSERT dbo.product VALUES (1967, 'ML51LT140', 'ФР51-ТК140', 51, 140)
INSERT dbo.product VALUES (1968, 'ML35LT33', 'ФР35-ТК33', 35, 33)
INSERT dbo.product VALUES (1969, 'ML37LT123', 'ФР37-ТК123', 37, 123)
INSERT dbo.product VALUES (1970, 'ML64LT120', 'ФР64-ТК120', 64, 120)
INSERT dbo.product VALUES (1971, 'ML68LT100', 'ФР68-ТК100', 68, 100)
INSERT dbo.product VALUES (1972, 'ML41LT48', 'ФР41-ТК48', 41, 48)
INSERT dbo.product VALUES (1973, 'ML40LT20', 'ФР40-ТК20', 40, 20)
INSERT dbo.product VALUES (1974, 'ML66LT123', 'ФР66-ТК123', 66, 123)
GO

-- 
-- Dumping data for table orders
--
PRINT (N'Dumping data for table orders')
-- Table AS2033.dbo.orders does not contain any data (it is empty)

-- 
-- Dumping data for table messages
--
PRINT (N'Dumping data for table messages')
-- Table AS2033.dbo.messages does not contain any data (it is empty)

-- 
-- Dumping data for table memec_userprofile
--
PRINT (N'Dumping data for table memec_userprofile')
SET IDENTITY_INSERT dbo.memec_userprofile ON
GO
INSERT dbo.memec_userprofile(id, telegramm, user_id) VALUES (3, N'@Hynrey', 2)
GO
SET IDENTITY_INSERT dbo.memec_userprofile OFF
GO

-- 
-- Dumping data for table machines_cache
--
PRINT (N'Dumping data for table machines_cache')
INSERT dbo.machines_cache VALUES ('lm-1', 'lathe', 1051, 'WAITING', NULL, NULL)
INSERT dbo.machines_cache VALUES ('lm-2', 'lathe', 1052, 'WAITING', NULL, NULL)
INSERT dbo.machines_cache VALUES ('lm-3', 'lathe', 1054, 'WORKING', NULL, NULL)
INSERT dbo.machines_cache VALUES ('lm-4', 'lathe', 1056, 'WORKING', NULL, NULL)
INSERT dbo.machines_cache VALUES ('mm-1', 'milling', 1041, 'WAITING', NULL, NULL)
INSERT dbo.machines_cache VALUES ('mm-2', 'milling', 1042, 'WAITING', NULL, NULL)
INSERT dbo.machines_cache VALUES ('mm-3', 'milling', 1043, 'WAITING', 66, NULL)
INSERT dbo.machines_cache VALUES ('mm-4', 'milling', 1045, 'WAITING', NULL, NULL)
INSERT dbo.machines_cache VALUES ('mm-5', 'milling', 1047, 'WAITING', 56, NULL)
GO

-- 
-- Dumping data for table machines
--
PRINT (N'Dumping data for table machines')
INSERT dbo.machines VALUES ('lm-1', 'lathe', 1051, 'WAITING', NULL, NULL)
INSERT dbo.machines VALUES ('lm-2', 'lathe', 1052, 'WAITING', NULL, NULL)
INSERT dbo.machines VALUES ('lm-3', 'lathe', 1054, 'WORKING', NULL, NULL)
INSERT dbo.machines VALUES ('lm-4', 'lathe', 1056, 'WORKING', NULL, NULL)
INSERT dbo.machines VALUES ('mm-1', 'milling', 1041, 'WAITING', NULL, NULL)
INSERT dbo.machines VALUES ('mm-2', 'milling', 1042, 'WAITING', NULL, NULL)
INSERT dbo.machines VALUES ('mm-3', 'milling', 1043, 'WAITING', 66, NULL)
INSERT dbo.machines VALUES ('mm-4', 'milling', 1045, 'WAITING', NULL, NULL)
INSERT dbo.machines VALUES ('mm-5', 'milling', 1047, 'WAITING', 56, NULL)
GO

-- 
-- Dumping data for table items
--
PRINT (N'Dumping data for table items')
INSERT dbo.items VALUES (2023, 319, 1901, 668, 10714)
INSERT dbo.items VALUES (2024, 319, 1902, 469, 1504)
INSERT dbo.items VALUES (2025, 319, 1903, 673, 1699)
INSERT dbo.items VALUES (2026, 320, 1904, 847, 22131)
INSERT dbo.items VALUES (2027, 320, 1905, 657, 100999)
INSERT dbo.items VALUES (2028, 321, 1906, 434, 11111)
INSERT dbo.items VALUES (2029, 321, 1907, 126, 199999)
INSERT dbo.items VALUES (2030, 321, 1908, 133, 1136)
INSERT dbo.items VALUES (2031, 321, 1909, 904, 1716)
INSERT dbo.items VALUES (2032, 321, 1910, 329, 100000)
INSERT dbo.items VALUES (2033, 321, 1911, 187, 200)
INSERT dbo.items VALUES (2034, 321, 809, 500, 615)
INSERT dbo.items VALUES (2035, 321, 1912, 109, 100000)
INSERT dbo.items VALUES (2036, 321, 1913, 588, 100001)
INSERT dbo.items VALUES (2037, 321, 1914, 741, 31910)
INSERT dbo.items VALUES (2038, 321, 240, 703, 100000)
INSERT dbo.items VALUES (2039, 322, 1915, 295, 3225)
INSERT dbo.items VALUES (2040, 322, 1916, 765, 100000)
INSERT dbo.items VALUES (2041, 322, 1917, 847, 100000)
INSERT dbo.items VALUES (2042, 322, 1918, 500, 700)
INSERT dbo.items VALUES (2043, 323, 1919, 787, 0)
INSERT dbo.items VALUES (2044, 323, 1920, 645, 0)
INSERT dbo.items VALUES (2045, 323, 1657, 540, 0)
INSERT dbo.items VALUES (2046, 323, 1363, 997, 0)
INSERT dbo.items VALUES (2047, 323, 1921, 109, 0)
INSERT dbo.items VALUES (2048, 323, 216, 676, 0)
INSERT dbo.items VALUES (2049, 323, 1922, 902, 0)
INSERT dbo.items VALUES (2050, 323, 1923, 130, 0)
INSERT dbo.items VALUES (2051, 323, 1924, 353, 0)
INSERT dbo.items VALUES (2052, 323, 602, 503, 0)
INSERT dbo.items VALUES (2053, 323, 1925, 390, 0)
INSERT dbo.items VALUES (2054, 324, 1926, 539, 900)
INSERT dbo.items VALUES (2055, 324, 1927, 800, 900)
INSERT dbo.items VALUES (2056, 324, 1928, 727, 900)
INSERT dbo.items VALUES (2057, 324, 1929, 932, 1800)
INSERT dbo.items VALUES (2058, 324, 1930, 139, 900)
INSERT dbo.items VALUES (2059, 324, 1931, 276, 900)
INSERT dbo.items VALUES (2060, 324, 1932, 645, 900)
INSERT dbo.items VALUES (2061, 325, 1933, 412, 0)
INSERT dbo.items VALUES (2062, 325, 1934, 511, 0)
INSERT dbo.items VALUES (2063, 325, 314, 546, 0)
INSERT dbo.items VALUES (2064, 325, 1935, 817, 0)
INSERT dbo.items VALUES (2065, 325, 1936, 573, 0)
INSERT dbo.items VALUES (2066, 325, 74, 652, 0)
INSERT dbo.items VALUES (2067, 325, 1687, 951, 0)
INSERT dbo.items VALUES (2068, 325, 1653, 823, 0)
INSERT dbo.items VALUES (2069, 325, 1937, 358, 0)
INSERT dbo.items VALUES (2070, 326, 1938, 217, 0)
INSERT dbo.items VALUES (2071, 326, 1939, 680, 0)
INSERT dbo.items VALUES (2072, 326, 1940, 969, 0)
INSERT dbo.items VALUES (2073, 326, 1941, 201, 0)
INSERT dbo.items VALUES (2074, 326, 1942, 446, 0)
INSERT dbo.items VALUES (2075, 326, 405, 752, 0)
INSERT dbo.items VALUES (2076, 326, 1943, 675, 0)
INSERT dbo.items VALUES (2077, 326, 1944, 836, 0)
INSERT dbo.items VALUES (2078, 326, 1945, 583, 0)
INSERT dbo.items VALUES (2079, 327, 1946, 970, 0)
INSERT dbo.items VALUES (2080, 327, 1947, 801, 0)
INSERT dbo.items VALUES (2081, 327, 1948, 454, 0)
INSERT dbo.items VALUES (2082, 327, 1949, 188, 0)
INSERT dbo.items VALUES (2083, 327, 1950, 972, 0)
INSERT dbo.items VALUES (2084, 327, 1951, 534, 0)
INSERT dbo.items VALUES (2085, 327, 1952, 980, 0)
INSERT dbo.items VALUES (2086, 328, 1953, 738, 0)
INSERT dbo.items VALUES (2087, 328, 1954, 362, 0)
INSERT dbo.items VALUES (2088, 328, 1955, 970, 0)
INSERT dbo.items VALUES (2089, 329, 1956, 147, 21332)
INSERT dbo.items VALUES (2090, 329, 1957, 529, 600)
INSERT dbo.items VALUES (2091, 330, 1958, 430, 0)
INSERT dbo.items VALUES (2092, 330, 1959, 568, 0)
INSERT dbo.items VALUES (2093, 330, 1960, 235, 0)
INSERT dbo.items VALUES (2094, 330, 1961, 873, 0)
INSERT dbo.items VALUES (2095, 330, 1962, 503, 0)
INSERT dbo.items VALUES (2096, 330, 1963, 564, 0)
INSERT dbo.items VALUES (2097, 330, 811, 918, 0)
INSERT dbo.items VALUES (2098, 330, 1964, 613, 0)
INSERT dbo.items VALUES (2099, 330, 1965, 659, 0)
INSERT dbo.items VALUES (2100, 330, 1966, 214, 0)
INSERT dbo.items VALUES (2101, 331, 1967, 501, 0)
INSERT dbo.items VALUES (2102, 331, 1968, 462, 0)
INSERT dbo.items VALUES (2103, 331, 1969, 112, 0)
INSERT dbo.items VALUES (2104, 331, 1970, 553, 0)
INSERT dbo.items VALUES (2105, 331, 1971, 847, 0)
INSERT dbo.items VALUES (2106, 331, 1326, 256, 0)
INSERT dbo.items VALUES (2107, 331, 1972, 912, 0)
INSERT dbo.items VALUES (2108, 331, 1973, 116, 0)
INSERT dbo.items VALUES (2109, 331, 1974, 257, 0)
GO

-- 
-- Dumping data for table django_session
--
PRINT (N'Dumping data for table django_session')
INSERT dbo.django_session VALUES (N'0wlrwib24txj6cy3s24n47djk0jn5pgt', N'.eJxVjMsOwiAQRf-FtSHDo0BduvcbyHQYpGogKe3K-O_apAvd3nPOfYmI21ri1nmJcxJnocTpd5uQHlx3kO5Yb01Sq-syT3JX5EG7vLbEz8vh_h0U7OVb-zASGEcGvGMTPCmdEwE5MGQYRmudVppDCKR18hkhq-wtDtkbxzCI9wfAWTcV:1pdXJ8:ZDt2LMAWWvYOhvj6CNNaHtbVsP1qMNyIQY-RevCPcFs', '2023-04-01 14:13:18.2463270 +00:00')
INSERT dbo.django_session VALUES (N'2v8o2ufil6rubsbu8s3kqqa3kc6q3pa3', N'e30:1pd4j3:PUsJBB2VESQ6K8_-y10_Pr7CwZKyxsSLb9V0QGgsX-c', '2023-03-31 07:42:09.0479600 +00:00')
INSERT dbo.django_session VALUES (N'37wclkvbg60uei8y472ja8d5iwigr8cu', N'e30:1pd7F4:KEy41xqb68udyNr0HvnyUvtdqTqPVr0le1dboltVkUY', '2023-03-31 10:23:22.1664490 +00:00')
INSERT dbo.django_session VALUES (N'3vjuvhwxwhlv12g1uq0vcwj4z5jk6q6g', N'e30:1pd4fM:S0iTHbQbSWkUroQjn3oeTctJjPBc32YIOPTVLu0OIM8', '2023-03-31 07:38:20.4471640 +00:00')
INSERT dbo.django_session VALUES (N'4urfz6tr410nimon3y74quz1j001g4sv', N'e30:1pd4hN:g5elpcm_ItYIdF8uDxpKJjY22Ced53e5fngQdID8b_0', '2023-03-31 07:40:25.9323490 +00:00')
INSERT dbo.django_session VALUES (N'57v7w0ua08uouk7i4k6lh1dmqyzpypqd', N'e30:1pd4hf:1lodz6IJ1HFgAP8NySJEO1zpJSQ4GnKDaNCuvhR01FQ', '2023-03-31 07:40:43.6468600 +00:00')
INSERT dbo.django_session VALUES (N'5au82cgut707qqb0jwkmrnrdc4w42ukt', N'e30:1pd4er:8pR57BQSWQgNzKT_9ZRnk8GFYQRU0t82NxLcobmt9yw', '2023-03-31 07:37:49.8355700 +00:00')
INSERT dbo.django_session VALUES (N'6uznujss0n7emykhqwrcnhkaknuv8dkb', N'e30:1pd4bx:4dptnuNo1ys9eLF6KzO1JsAoVVwpn1v_3a78Yq0s9hA', '2023-03-31 07:34:49.5370050 +00:00')
INSERT dbo.django_session VALUES (N'adhsih1wvz0sosaz9t0le4eaiglftu7h', N'e30:1pd4d2:Y_zqtNRCV_JjNYGGCPgB3GdCKG-997BmKFh2RJE6mLk', '2023-03-31 07:35:56.7018360 +00:00')
INSERT dbo.django_session VALUES (N'eeov8gbfsaumhp7n10k9cdybxmg6bmn7', N'e30:1pd7E1:H-IQFaJRAUrae5PLQ6l6rZv2KZDaj_s6qIYzbHb4ENw', '2023-03-31 10:22:17.7440470 +00:00')
INSERT dbo.django_session VALUES (N'g7xismtvgb4hec0l50yq3yx1lclhwnpl', N'e30:1pd7FR:BAMp074ams3E_Kla9okZ8muVuhLMb2p2iBJs_-DhPKk', '2023-03-31 10:23:45.2493870 +00:00')
INSERT dbo.django_session VALUES (N'l4fh758wy4uzamybuee07q2ahq2l4ipk', N'e30:1pd7Er:f6MOLcXBRdoKiu8t6yvxdoVPSjDvy-37X8oJH6fu-Ro', '2023-03-31 10:23:09.8749680 +00:00')
INSERT dbo.django_session VALUES (N'l85igopu9qbqm6ezs3y1d202kqfxhvui', N'e30:1pd4iH:VMrRahASYsRUzOzYnlCMSG9g-MT4YSrM7gKGrn1LJrg', '2023-03-31 07:41:21.1248570 +00:00')
INSERT dbo.django_session VALUES (N'mbpqgvoqrny0g08kc4uscw6ub587mlcg', N'e30:1pd7Fh:RCnAr8zqNXptf6dofv1Sf9L5e2-kRnxX7NYC-1Q9DCc', '2023-03-31 10:24:01.4771230 +00:00')
INSERT dbo.django_session VALUES (N'op4j9l891a98eatv8o9pe7ohdujyzxjv', N'e30:1pd749:ToJRXrj2gQVI1Zamenuzu0ieD9oYwM50mPlE0T53z80', '2023-03-31 10:12:05.7902620 +00:00')
INSERT dbo.django_session VALUES (N'qz2xxbskwydbw1prb32dtkw846x8rn2x', N'e30:1pd4cD:TzvjcEkJsmUOmvFPnt-nMEcbTfj9RYIMwKN5U1Fz4N8', '2023-03-31 07:35:05.0092490 +00:00')
INSERT dbo.django_session VALUES (N'rvcmhx0igbi610ksplxnjj41dbnrjyat', N'e30:1pd4bC:BnOmNXFXcCwe7f_Fw_YxBrXiGTojfTZ_L87lccphBlM', '2023-03-31 07:34:02.0248410 +00:00')
INSERT dbo.django_session VALUES (N's9nbo6n8bhepir5xdrw1093nww9f1i9l', N'e30:1pd7AG:5ETYA7A-5S6YfhQAP_LbN-h7-Cl9bA19JDvPJeZ4ChM', '2023-03-31 10:18:24.0267950 +00:00')
INSERT dbo.django_session VALUES (N't60n02y48m0bf0y8d3o9rszlk1b3zg4t', N'.eJxVjMsOwiAQRf-FtSHDo0BduvcbyHQYpGogKe3K-O_apAvd3nPOfYmI21ri1nmJcxJnocTpd5uQHlx3kO5Yb01Sq-syT3JX5EG7vLbEz8vh_h0U7OVb-zASGEcGvGMTPCmdEwE5MGQYRmudVppDCKR18hkhq-wtDtkbxzCI9wfAWTcV:1pd9uX:5U_ClzoRYbGHLujMbEkc3G17CdW8GTs1ohfu5_8E_1w', '2023-03-31 13:14:21.4747200 +00:00')
INSERT dbo.django_session VALUES (N've1w3loklp324gikib8vzps031jzllus', N'.eJxVjMsOwiAQRf-FtSHDo0BduvcbyHQYpGogKe3K-O_apAvd3nPOfYmI21ri1nmJcxJnocTpd5uQHlx3kO5Yb01Sq-syT3JX5EG7vLbEz8vh_h0U7OVb-zASGEcGvGMTPCmdEwE5MGQYRmudVppDCKR18hkhq-wtDtkbxzCI9wfAWTcV:1pdXMo:bgp_YcCGlWo3YNWEqRXRi3ZrosBqf3PERjDT4oopRRU', '2023-04-01 14:17:06.2819960 +00:00')
INSERT dbo.django_session VALUES (N'vwolugpvxoi614i6ceklmrwh50vdrtcf', N'e30:1pd7Eh:T6f0v6H4AxhAvHTEg97fhVQftvLhauq5JdbHYPTH6XA', '2023-03-31 10:22:59.0701560 +00:00')
INSERT dbo.django_session VALUES (N'zdfywsvle8fqocohkolsu1uh0m332nqe', N'e30:1pd7Dp:4_6xtCNj-UAyDndc07DevlRadZYZKkno4B5qzELISog', '2023-03-31 10:22:05.1875720 +00:00')
GO

-- 
-- Dumping data for table django_migrations
--
PRINT (N'Dumping data for table django_migrations')
SET IDENTITY_INSERT dbo.django_migrations ON
GO
INSERT dbo.django_migrations(id, app, name, applied) VALUES (1, N'contenttypes', N'0001_initial', '2023-03-17 04:34:24.8475290 +00:00')
INSERT dbo.django_migrations(id, app, name, applied) VALUES (2, N'auth', N'0001_initial', '2023-03-17 04:34:25.4064430 +00:00')
INSERT dbo.django_migrations(id, app, name, applied) VALUES (3, N'admin', N'0001_initial', '2023-03-17 04:34:25.5741870 +00:00')
INSERT dbo.django_migrations(id, app, name, applied) VALUES (4, N'admin', N'0002_logentry_remove_auto_add', '2023-03-17 04:34:25.6635910 +00:00')
INSERT dbo.django_migrations(id, app, name, applied) VALUES (5, N'admin', N'0003_logentry_add_action_flag_choices', '2023-03-17 04:34:25.8699290 +00:00')
INSERT dbo.django_migrations(id, app, name, applied) VALUES (6, N'contenttypes', N'0002_remove_content_type_name', '2023-03-17 04:34:27.2934750 +00:00')
INSERT dbo.django_migrations(id, app, name, applied) VALUES (7, N'auth', N'0002_alter_permission_name_max_length', '2023-03-17 04:34:27.4081780 +00:00')
INSERT dbo.django_migrations(id, app, name, applied) VALUES (8, N'auth', N'0003_alter_user_email_max_length', '2023-03-17 04:34:27.6059060 +00:00')
INSERT dbo.django_migrations(id, app, name, applied) VALUES (9, N'auth', N'0004_alter_user_username_opts', '2023-03-17 04:34:27.9158520 +00:00')
INSERT dbo.django_migrations(id, app, name, applied) VALUES (10, N'auth', N'0005_alter_user_last_login_null', '2023-03-17 04:34:28.7510210 +00:00')
INSERT dbo.django_migrations(id, app, name, applied) VALUES (11, N'auth', N'0006_require_contenttypes_0002', '2023-03-17 04:34:28.9599270 +00:00')
INSERT dbo.django_migrations(id, app, name, applied) VALUES (12, N'auth', N'0007_alter_validators_add_error_messages', '2023-03-17 04:34:29.0486400 +00:00')
INSERT dbo.django_migrations(id, app, name, applied) VALUES (13, N'auth', N'0008_alter_user_username_max_length', '2023-03-17 04:34:29.6652040 +00:00')
INSERT dbo.django_migrations(id, app, name, applied) VALUES (14, N'auth', N'0009_alter_user_last_name_max_length', '2023-03-17 04:34:29.8884120 +00:00')
INSERT dbo.django_migrations(id, app, name, applied) VALUES (15, N'auth', N'0010_alter_group_name_max_length', '2023-03-17 04:34:31.0002610 +00:00')
INSERT dbo.django_migrations(id, app, name, applied) VALUES (16, N'auth', N'0011_update_proxy_permissions', '2023-03-17 04:34:31.0949310 +00:00')
INSERT dbo.django_migrations(id, app, name, applied) VALUES (17, N'auth', N'0012_alter_user_first_name_max_length', '2023-03-17 04:34:31.2100970 +00:00')
INSERT dbo.django_migrations(id, app, name, applied) VALUES (18, N'sessions', N'0001_initial', '2023-03-17 04:34:31.2784370 +00:00')
INSERT dbo.django_migrations(id, app, name, applied) VALUES (19, N'memec', N'0001_initial', '2023-03-18 06:01:46.4920320 +00:00')
GO
SET IDENTITY_INSERT dbo.django_migrations OFF
GO

-- 
-- Dumping data for table django_content_type
--
PRINT (N'Dumping data for table django_content_type')
SET IDENTITY_INSERT dbo.django_content_type ON
GO
INSERT dbo.django_content_type(id, app_label, model) VALUES (1, N'admin', N'logentry')
INSERT dbo.django_content_type(id, app_label, model) VALUES (3, N'auth', N'group')
INSERT dbo.django_content_type(id, app_label, model) VALUES (2, N'auth', N'permission')
INSERT dbo.django_content_type(id, app_label, model) VALUES (4, N'auth', N'user')
INSERT dbo.django_content_type(id, app_label, model) VALUES (5, N'contenttypes', N'contenttype')
INSERT dbo.django_content_type(id, app_label, model) VALUES (7, N'memec', N'userprofile')
INSERT dbo.django_content_type(id, app_label, model) VALUES (6, N'sessions', N'session')
GO
SET IDENTITY_INSERT dbo.django_content_type OFF
GO

-- 
-- Dumping data for table django_admin_log
--
PRINT (N'Dumping data for table django_admin_log')
SET IDENTITY_INSERT dbo.django_admin_log ON
GO
INSERT dbo.django_admin_log(id, action_time, object_id, object_repr, action_flag, change_message, content_type_id, user_id) VALUES (1, '2023-03-17 04:37:04.0876700 +00:00', N'1', N'admin', 2, N'[{"changed": {"fields": ["password"]}}]', 4, 1)
INSERT dbo.django_admin_log(id, action_time, object_id, object_repr, action_flag, change_message, content_type_id, user_id) VALUES (2, '2023-03-17 04:38:52.0330020 +00:00', N'1', N'users', 1, N'[{"added": {}}]', 3, 1)
INSERT dbo.django_admin_log(id, action_time, object_id, object_repr, action_flag, change_message, content_type_id, user_id) VALUES (3, '2023-03-17 04:39:03.7585420 +00:00', N'2', N'manager', 1, N'[{"added": {}}]', 3, 1)
INSERT dbo.django_admin_log(id, action_time, object_id, object_repr, action_flag, change_message, content_type_id, user_id) VALUES (4, '2023-03-17 04:39:08.7031460 +00:00', N'1', N'user', 2, N'[{"changed": {"fields": ["Name"]}}]', 3, 1)
INSERT dbo.django_admin_log(id, action_time, object_id, object_repr, action_flag, change_message, content_type_id, user_id) VALUES (5, '2023-03-17 04:39:14.7532930 +00:00', N'3', N'admin', 1, N'[{"added": {}}]', 3, 1)
INSERT dbo.django_admin_log(id, action_time, object_id, object_repr, action_flag, change_message, content_type_id, user_id) VALUES (6, '2023-03-17 04:39:32.3693690 +00:00', N'1', N'admin', 2, N'[{"changed": {"fields": ["Groups"]}}]', 4, 1)
INSERT dbo.django_admin_log(id, action_time, object_id, object_repr, action_flag, change_message, content_type_id, user_id) VALUES (7, '2023-03-17 04:41:17.8272470 +00:00', N'1', N'admin', 2, N'[{"changed": {"fields": ["Groups"]}}]', 4, 1)
INSERT dbo.django_admin_log(id, action_time, object_id, object_repr, action_flag, change_message, content_type_id, user_id) VALUES (8, '2023-03-17 07:26:18.5846570 +00:00', N'2', N'user', 1, N'[{"added": {}}]', 4, 1)
INSERT dbo.django_admin_log(id, action_time, object_id, object_repr, action_flag, change_message, content_type_id, user_id) VALUES (9, '2023-03-18 06:02:54.0410510 +00:00', N'3', N'user1', 1, N'[{"added": {}}]', 4, 1)
INSERT dbo.django_admin_log(id, action_time, object_id, object_repr, action_flag, change_message, content_type_id, user_id) VALUES (10, '2023-03-18 06:33:22.6714300 +00:00', N'4', N'user2', 1, N'[{"added": {}}]', 4, 1)
INSERT dbo.django_admin_log(id, action_time, object_id, object_repr, action_flag, change_message, content_type_id, user_id) VALUES (11, '2023-03-18 06:35:52.8977250 +00:00', N'3', N'user1', 2, N'[{"added": {"name": "user profile", "object": "UserProfile object (2)"}}]', 4, 1)
INSERT dbo.django_admin_log(id, action_time, object_id, object_repr, action_flag, change_message, content_type_id, user_id) VALUES (12, '2023-03-18 06:36:40.2686400 +00:00', N'2', N'user', 2, N'[{"added": {"name": "user profile", "object": "UserProfile object (3)"}}]', 4, 1)
GO
SET IDENTITY_INSERT dbo.django_admin_log OFF
GO

-- 
-- Dumping data for table contractor
--
PRINT (N'Dumping data for table contractor')
INSERT dbo.contractor VALUES (1, '7451356475', 'ООО"КомпозитГруппЧелябинск"')
INSERT dbo.contractor VALUES (2, '1903011647', 'ООО"Фактор"')
INSERT dbo.contractor VALUES (3, '7801621813', 'ООО"Союзпромтех"')
INSERT dbo.contractor VALUES (4, '6732236252', 'ООО"Барса"')
INSERT dbo.contractor VALUES (5, '6658397081', 'ООО"Гаммаинпром"')
INSERT dbo.contractor VALUES (6, '5037011495', 'ООО"НПКИнновация"')
INSERT dbo.contractor VALUES (7, '7325114941', 'ООО"СП"')
INSERT dbo.contractor VALUES (8, '7810184969', 'ООО"Фабрик"')
INSERT dbo.contractor VALUES (9, '7727204754', 'ООО"ОконныеСистемыиТехнологии"')
INSERT dbo.contractor VALUES (10, '1006001845', 'ПК"Маяк"')
INSERT dbo.contractor VALUES (11, '5021010457', 'ООО"ПТХ"')
INSERT dbo.contractor VALUES (12, '6664022972', 'АО"Промбезопасность"')
INSERT dbo.contractor VALUES (13, '1650013048', 'ПИТК"Приоритет"')
INSERT dbo.contractor VALUES (14, '3665051138', 'ООО"Техконтроль"')
INSERT dbo.contractor VALUES (15, '5401278725', 'ООО"Пищеторг"')
INSERT dbo.contractor VALUES (16, '4712124451', 'АО"ПриозерскаяГорнаяКомпания"')
INSERT dbo.contractor VALUES (17, '3327837307', 'ООО"Элитком"')
INSERT dbo.contractor VALUES (18, '5814100370', 'ООО"ФабрикаИнтерьернойКовки"')
INSERT dbo.contractor VALUES (19, '4813014303', 'ООО"НПКЭкотекс"')
INSERT dbo.contractor VALUES (20, '5260368853', 'ООО"Традиции"')
GO

-- 
-- Dumping data for table auth_user_user_permissions
--
PRINT (N'Dumping data for table auth_user_user_permissions')
-- Table AS2033.dbo.auth_user_user_permissions does not contain any data (it is empty)

-- 
-- Dumping data for table auth_user_groups
--
PRINT (N'Dumping data for table auth_user_groups')
SET IDENTITY_INSERT dbo.auth_user_groups ON
GO
INSERT dbo.auth_user_groups(id, user_id, group_id) VALUES (2, 1, 2)
GO
SET IDENTITY_INSERT dbo.auth_user_groups OFF
GO

-- 
-- Dumping data for table auth_user
--
PRINT (N'Dumping data for table auth_user')
SET IDENTITY_INSERT dbo.auth_user ON
GO
INSERT dbo.auth_user(id, password, last_login, is_superuser, username, first_name, last_name, email, is_staff, is_active, date_joined) VALUES (1, N'pbkdf2_sha256$390000$Mbb9bmQYFcht7n3Kup3q9w$3hi2NV4UZM2/zPBrqs75UeWJ67zDR44liNkoHPYSH4E=', '2023-03-18 14:17:06.2658380 +00:00', CONVERT(bit, 'True'), N'admin', N'', N'', N'anthony_j_holl@mail.ru', CONVERT(bit, 'True'), CONVERT(bit, 'True'), '2023-03-17 04:35:39.0000000 +00:00')
INSERT dbo.auth_user(id, password, last_login, is_superuser, username, first_name, last_name, email, is_staff, is_active, date_joined) VALUES (2, N'pbkdf2_sha256$390000$9UIBh4WnE4TO99AiMExuPG$hA8wX/ok6egFeYiawFthjeeTIL1z7kLbpdr5tqCGSaI=', '2023-03-18 11:52:21.4200450 +00:00', CONVERT(bit, 'False'), N'user', N'', N'', N'andrey-saxarov@mail.ru', CONVERT(bit, 'False'), CONVERT(bit, 'True'), '2023-03-17 07:26:18.0000000 +00:00')
GO
SET IDENTITY_INSERT dbo.auth_user OFF
GO

-- 
-- Dumping data for table auth_permission
--
PRINT (N'Dumping data for table auth_permission')
SET IDENTITY_INSERT dbo.auth_permission ON
GO
INSERT dbo.auth_permission(id, name, content_type_id, codename) VALUES (1, N'Can add log entry', 1, N'add_logentry')
INSERT dbo.auth_permission(id, name, content_type_id, codename) VALUES (2, N'Can change log entry', 1, N'change_logentry')
INSERT dbo.auth_permission(id, name, content_type_id, codename) VALUES (3, N'Can delete log entry', 1, N'delete_logentry')
INSERT dbo.auth_permission(id, name, content_type_id, codename) VALUES (4, N'Can view log entry', 1, N'view_logentry')
INSERT dbo.auth_permission(id, name, content_type_id, codename) VALUES (5, N'Can add permission', 2, N'add_permission')
INSERT dbo.auth_permission(id, name, content_type_id, codename) VALUES (6, N'Can change permission', 2, N'change_permission')
INSERT dbo.auth_permission(id, name, content_type_id, codename) VALUES (7, N'Can delete permission', 2, N'delete_permission')
INSERT dbo.auth_permission(id, name, content_type_id, codename) VALUES (8, N'Can view permission', 2, N'view_permission')
INSERT dbo.auth_permission(id, name, content_type_id, codename) VALUES (9, N'Can add group', 3, N'add_group')
INSERT dbo.auth_permission(id, name, content_type_id, codename) VALUES (10, N'Can change group', 3, N'change_group')
INSERT dbo.auth_permission(id, name, content_type_id, codename) VALUES (11, N'Can delete group', 3, N'delete_group')
INSERT dbo.auth_permission(id, name, content_type_id, codename) VALUES (12, N'Can view group', 3, N'view_group')
INSERT dbo.auth_permission(id, name, content_type_id, codename) VALUES (13, N'Can add user', 4, N'add_user')
INSERT dbo.auth_permission(id, name, content_type_id, codename) VALUES (14, N'Can change user', 4, N'change_user')
INSERT dbo.auth_permission(id, name, content_type_id, codename) VALUES (15, N'Can delete user', 4, N'delete_user')
INSERT dbo.auth_permission(id, name, content_type_id, codename) VALUES (16, N'Can view user', 4, N'view_user')
INSERT dbo.auth_permission(id, name, content_type_id, codename) VALUES (17, N'Can add content type', 5, N'add_contenttype')
INSERT dbo.auth_permission(id, name, content_type_id, codename) VALUES (18, N'Can change content type', 5, N'change_contenttype')
INSERT dbo.auth_permission(id, name, content_type_id, codename) VALUES (19, N'Can delete content type', 5, N'delete_contenttype')
INSERT dbo.auth_permission(id, name, content_type_id, codename) VALUES (20, N'Can view content type', 5, N'view_contenttype')
INSERT dbo.auth_permission(id, name, content_type_id, codename) VALUES (21, N'Can add session', 6, N'add_session')
INSERT dbo.auth_permission(id, name, content_type_id, codename) VALUES (22, N'Can change session', 6, N'change_session')
INSERT dbo.auth_permission(id, name, content_type_id, codename) VALUES (23, N'Can delete session', 6, N'delete_session')
INSERT dbo.auth_permission(id, name, content_type_id, codename) VALUES (24, N'Can view session', 6, N'view_session')
INSERT dbo.auth_permission(id, name, content_type_id, codename) VALUES (25, N'Can add user profile', 7, N'add_userprofile')
INSERT dbo.auth_permission(id, name, content_type_id, codename) VALUES (26, N'Can change user profile', 7, N'change_userprofile')
INSERT dbo.auth_permission(id, name, content_type_id, codename) VALUES (27, N'Can delete user profile', 7, N'delete_userprofile')
INSERT dbo.auth_permission(id, name, content_type_id, codename) VALUES (28, N'Can view user profile', 7, N'view_userprofile')
GO
SET IDENTITY_INSERT dbo.auth_permission OFF
GO

-- 
-- Dumping data for table auth_group_permissions
--
PRINT (N'Dumping data for table auth_group_permissions')
-- Table AS2033.dbo.auth_group_permissions does not contain any data (it is empty)

-- 
-- Dumping data for table auth_group
--
PRINT (N'Dumping data for table auth_group')
SET IDENTITY_INSERT dbo.auth_group ON
GO
INSERT dbo.auth_group(id, name) VALUES (3, N'admin')
INSERT dbo.auth_group(id, name) VALUES (2, N'manager')
INSERT dbo.auth_group(id, name) VALUES (1, N'user')
GO
SET IDENTITY_INSERT dbo.auth_group OFF
GO

USE AS2033
GO

IF DB_NAME() <> N'AS2033' SET NOEXEC ON
GO

--
-- Create foreign key [memec_userprofile_user_id_d0e839a4_fk_auth_user_id] on table [dbo].[memec_userprofile]
--
PRINT (N'Create foreign key [memec_userprofile_user_id_d0e839a4_fk_auth_user_id] on table [dbo].[memec_userprofile]')
GO
ALTER TABLE dbo.memec_userprofile
  ADD CONSTRAINT memec_userprofile_user_id_d0e839a4_fk_auth_user_id FOREIGN KEY (user_id) REFERENCES dbo.auth_user (id)
GO

--
-- Create foreign key [django_admin_log_content_type_id_c4bce8eb_fk_django_content_type_id] on table [dbo].[django_admin_log]
--
PRINT (N'Create foreign key [django_admin_log_content_type_id_c4bce8eb_fk_django_content_type_id] on table [dbo].[django_admin_log]')
GO
ALTER TABLE dbo.django_admin_log
  ADD CONSTRAINT django_admin_log_content_type_id_c4bce8eb_fk_django_content_type_id FOREIGN KEY (content_type_id) REFERENCES dbo.django_content_type (id)
GO

--
-- Create foreign key [django_admin_log_user_id_c564eba6_fk_auth_user_id] on table [dbo].[django_admin_log]
--
PRINT (N'Create foreign key [django_admin_log_user_id_c564eba6_fk_auth_user_id] on table [dbo].[django_admin_log]')
GO
ALTER TABLE dbo.django_admin_log
  ADD CONSTRAINT django_admin_log_user_id_c564eba6_fk_auth_user_id FOREIGN KEY (user_id) REFERENCES dbo.auth_user (id)
GO

--
-- Create foreign key [auth_permission_content_type_id_2f476e4b_fk_django_content_type_id] on table [dbo].[auth_permission]
--
PRINT (N'Create foreign key [auth_permission_content_type_id_2f476e4b_fk_django_content_type_id] on table [dbo].[auth_permission]')
GO
ALTER TABLE dbo.auth_permission
  ADD CONSTRAINT auth_permission_content_type_id_2f476e4b_fk_django_content_type_id FOREIGN KEY (content_type_id) REFERENCES dbo.django_content_type (id)
GO

--
-- Create foreign key [auth_user_user_permissions_permission_id_1fbb5f2c_fk_auth_permission_id] on table [dbo].[auth_user_user_permissions]
--
PRINT (N'Create foreign key [auth_user_user_permissions_permission_id_1fbb5f2c_fk_auth_permission_id] on table [dbo].[auth_user_user_permissions]')
GO
ALTER TABLE dbo.auth_user_user_permissions
  ADD CONSTRAINT auth_user_user_permissions_permission_id_1fbb5f2c_fk_auth_permission_id FOREIGN KEY (permission_id) REFERENCES dbo.auth_permission (id)
GO

--
-- Create foreign key [auth_user_user_permissions_user_id_a95ead1b_fk_auth_user_id] on table [dbo].[auth_user_user_permissions]
--
PRINT (N'Create foreign key [auth_user_user_permissions_user_id_a95ead1b_fk_auth_user_id] on table [dbo].[auth_user_user_permissions]')
GO
ALTER TABLE dbo.auth_user_user_permissions
  ADD CONSTRAINT auth_user_user_permissions_user_id_a95ead1b_fk_auth_user_id FOREIGN KEY (user_id) REFERENCES dbo.auth_user (id)
GO

--
-- Create foreign key [auth_group_permissions_group_id_b120cbf9_fk_auth_group_id] on table [dbo].[auth_group_permissions]
--
PRINT (N'Create foreign key [auth_group_permissions_group_id_b120cbf9_fk_auth_group_id] on table [dbo].[auth_group_permissions]')
GO
ALTER TABLE dbo.auth_group_permissions
  ADD CONSTRAINT auth_group_permissions_group_id_b120cbf9_fk_auth_group_id FOREIGN KEY (group_id) REFERENCES dbo.auth_group (id)
GO

--
-- Create foreign key [auth_group_permissions_permission_id_84c5c92e_fk_auth_permission_id] on table [dbo].[auth_group_permissions]
--
PRINT (N'Create foreign key [auth_group_permissions_permission_id_84c5c92e_fk_auth_permission_id] on table [dbo].[auth_group_permissions]')
GO
ALTER TABLE dbo.auth_group_permissions
  ADD CONSTRAINT auth_group_permissions_permission_id_84c5c92e_fk_auth_permission_id FOREIGN KEY (permission_id) REFERENCES dbo.auth_permission (id)
GO

--
-- Create foreign key [auth_user_groups_group_id_97559544_fk_auth_group_id] on table [dbo].[auth_user_groups]
--
PRINT (N'Create foreign key [auth_user_groups_group_id_97559544_fk_auth_group_id] on table [dbo].[auth_user_groups]')
GO
ALTER TABLE dbo.auth_user_groups
  ADD CONSTRAINT auth_user_groups_group_id_97559544_fk_auth_group_id FOREIGN KEY (group_id) REFERENCES dbo.auth_group (id)
GO

--
-- Create foreign key [auth_user_groups_user_id_6a12ed8b_fk_auth_user_id] on table [dbo].[auth_user_groups]
--
PRINT (N'Create foreign key [auth_user_groups_user_id_6a12ed8b_fk_auth_user_id] on table [dbo].[auth_user_groups]')
GO
ALTER TABLE dbo.auth_user_groups
  ADD CONSTRAINT auth_user_groups_user_id_6a12ed8b_fk_auth_user_id FOREIGN KEY (user_id) REFERENCES dbo.auth_user (id)
GO
SET NOEXEC OFF
GO

CREATE LOGIN [django_user] WITH PASSWORD = 'django_user',
DEFAULT_DATABASE = AS2033,
CHECK_POLICY =  OFF,
CHECK_EXPIRATION =  OFF;
go;
USE AS2033;
go;

CREATE USER [django_user] FOR LOGIN [django_user];
EXEC sp_addrolemember N'db_owner', N'django_user';